id,system,group,method,url,expect,source,verified,enabled,probe,http_status,content_type,bytes,error
eelis-rahvalad,EELIS,eelis,GET,https://keskkonnaandmed.envir.ee/f_rahvalad?kkr_kood=eq.RAH0000556,json,manual,True,True,via PostgREST root,200,,,
eelis-rahvalad-dok,EELIS,eelis,GET,https://keskkonnaandmed.envir.ee/f_rahvalad_dok?limit=1,json,manual,True,True,via PostgREST root,200,,,
eelis-rahvalad-linnuala,EELIS,eelis,GET,"https://keskkonnaandmed.envir.ee/f_rahvalad?select=*,dok:f_rahvalad_dok(*)&kkr_kood=eq.RAH0000556&dok.on_linnuala_kohta=eq.1",json,manual,True,True,via PostgREST root,200,,,
eelis-rahvalad-seosed,EELIS,eelis,GET,"https://keskkonnaandmed.envir.ee/f_rahvalad?select=*,dok:f_rahvalad_dok(*)&kkr_kood=eq.RAH0000556",json,manual,True,True,via PostgREST root,200,,,
estmodel-assessment-units,EstModel,,GET,https://estmodel.envir.ee/assessment-units,json,teabevarav,False,True,jah,200,application/json,68570,
estmodel-countries,EstModel,,GET,https://estmodel.envir.ee/countries,json,teabevarav,False,True,jah,200,application/json,86,
estmodel-districts,EstModel,,GET,https://estmodel.envir.ee/districts,json,teabevarav,False,True,jah,200,application/json,328,
estmodel-rivers,EstModel,,GET,https://estmodel.envir.ee/rivers,json,teabevarav,False,True,jah,200,application/json,262144,"truncated, fields not read"
estmodel-stations,EstModel,,GET,https://estmodel.envir.ee/stations,json,teabevarav,False,True,jah,200,application/json,32931,
estmodel-subdistricts,EstModel,,GET,https://estmodel.envir.ee/subdistricts,json,teabevarav,False,True,jah,200,application/json,912,
estmodel-water-outlets,EstModel,,GET,https://estmodel.envir.ee/water-outlets,json,teabevarav,False,True,jah,200,application/json,262144,"truncated, fields not read"
f-alad,EELIS,eelis,GET,https://keskkonnaandmed.envir.ee/f_alad?limit=1,json,openapi,False,True,via PostgREST root,200,,,
f-alad-dok,EELIS,eelis,GET,https://keskkonnaandmed.envir.ee/f_alad_dok?limit=1,json,openapi,False,True,via PostgREST root,200,,,
f-alad-ehak,EELIS,eelis,GET,https://keskkonnaandmed.envir.ee/f_alad_ehak?limit=1,json,openapi,False,True,via PostgREST root,200,,,
f-alad-elupaigatyyp,EELIS,eelis,GET,https://keskkonnaandmed.envir.ee/f_alad_elupaigatyyp?limit=1,json,openapi,False,True,via PostgREST root,200,,,
f-alad-fjisik,EELIS,eelis,GET,https://keskkonnaandmed.envir.ee/f_alad_fjisik?limit=1,json,openapi,False,True,via PostgREST root,200,,,
f-alad-invelupaik,EELIS,eelis,GET,https://keskkonnaandmed.envir.ee/f_alad_invelupaik?limit=1,json,openapi,False,True,via PostgREST root,200,,,
f-alad-kandealus,EELIS,eelis,GET,https://keskkonnaandmed.envir.ee/f_alad_kandealus?limit=1,json,openapi,False,True,via PostgREST root,200,,,
f-alad-kava,EELIS,eelis,GET,https://keskkonnaandmed.envir.ee/f_alad_kava?limit=1,json,openapi,False,True,via PostgREST root,200,,,
f-alad-kirjandus,EELIS,eelis,GET,https://keskkonnaandmed.envir.ee/f_alad_kirjandus?limit=1,json,openapi,False,True,via PostgREST root,200,,,
f-alad-lkoht,EELIS,eelis,GET,https://keskkonnaandmed.envir.ee/f_alad_lkoht?limit=1,json,openapi,False,True,via PostgREST root,200,,,
f-alad-lkoht-py,EELIS,eelis,GET,https://keskkonnaandmed.envir.ee/f_alad_lkoht_py?limit=1,json,openapi,False,True,via PostgREST root,200,,,
f-alad-lnim,EELIS,eelis,GET,https://keskkonnaandmed.envir.ee/f_alad_lnim?limit=1,json,openapi,False,True,via PostgREST root,200,,,
f-alad-rahvala,EELIS,eelis,GET,https://keskkonnaandmed.envir.ee/f_alad_rahvala?limit=1,json,openapi,False,True,via PostgREST root,200,,,
f-alad-seotud-ala,EELIS,eelis,GET,https://keskkonnaandmed.envir.ee/f_alad_seotud_ala?limit=1,json,openapi,False,True,via PostgREST root,200,,,
f-alad-veekogu,EELIS,eelis,GET,https://keskkonnaandmed.envir.ee/f_alad_veekogu?limit=1,json,openapi,False,True,via PostgREST root,200,,,
f-alad-vep,EELIS,eelis,GET,https://keskkonnaandmed.envir.ee/f_alad_vep?limit=1,json,openapi,False,True,via PostgREST root,200,,,
f-alad-voond,EELIS,eelis,GET,https://keskkonnaandmed.envir.ee/f_alad_voond?limit=1,json,openapi,False,True,via PostgREST root,200,,,
f-alad-yksikobj-moot,EELIS,eelis,GET,https://keskkonnaandmed.envir.ee/f_alad_yksikobj_moot?limit=1,json,openapi,False,True,via PostgREST root,200,,,
f-alad-yrg,EELIS,eelis,GET,https://keskkonnaandmed.envir.ee/f_alad_yrg?limit=1,json,openapi,False,True,via PostgREST root,200,,,
f-hks-elemendid,EELIS,eelis,GET,https://keskkonnaandmed.envir.ee/f_hks_elemendid?limit=1,json,openapi,False,True,via PostgREST root,200,,,
f-hks-elemendid-seirejaam,EELIS,eelis,GET,https://keskkonnaandmed.envir.ee/f_hks_elemendid_seirejaam?limit=1,json,openapi,False,True,via PostgREST root,200,,,
f-hks-elemendid-veekogum,EELIS,eelis,GET,https://keskkonnaandmed.envir.ee/f_hks_elemendid_veekogum?limit=1,json,openapi,False,True,via PostgREST root,200,,,
f-hks-indikaatorid,EELIS,eelis,GET,https://keskkonnaandmed.envir.ee/f_hks_indikaatorid?limit=1,json,openapi,False,True,via PostgREST root,200,,,
f-hks-indikaatorid-dok,EELIS,eelis,GET,https://keskkonnaandmed.envir.ee/f_hks_indikaatorid_dok?limit=1,json,openapi,False,True,via PostgREST root,200,,,
f-hks-indikaatorid-kirjandus,EELIS,eelis,GET,https://keskkonnaandmed.envir.ee/f_hks_indikaatorid_kirjandus?limit=1,json,openapi,False,True,via PostgREST root,200,,,
f-hks-indikaatorid-veekogum,EELIS,eelis,GET,https://keskkonnaandmed.envir.ee/f_hks_indikaatorid_veekogum?limit=1,json,openapi,False,True,via PostgREST root,200,,,
f-hks-kriteeriumid,EELIS,eelis,GET,https://keskkonnaandmed.envir.ee/f_hks_kriteeriumid?limit=1,json,openapi,False,True,via PostgREST root,200,,,
f-hks-kriteeriumid-dok,EELIS,eelis,GET,https://keskkonnaandmed.envir.ee/f_hks_kriteeriumid_dok?limit=1,json,openapi,False,True,via PostgREST root,200,,,
f-hks-kriteeriumid-sr-programm,EELIS,eelis,GET,https://keskkonnaandmed.envir.ee/f_hks_kriteeriumid_sr_programm?limit=1,json,openapi,False,True,via PostgREST root,200,,,
f-hks-kriteeriumid-vmmeede,EELIS,eelis,GET,https://keskkonnaandmed.envir.ee/f_hks_kriteeriumid_vmmeede?limit=1,json,openapi,False,True,via PostgREST root,200,,,
f-hks-seisud,EELIS,eelis,GET,https://keskkonnaandmed.envir.ee/f_hks_seisud?limit=1,json,openapi,False,True,via PostgREST root,200,,,
f-hks-sihid,EELIS,eelis,GET,https://keskkonnaandmed.envir.ee/f_hks_sihid?limit=1,json,openapi,False,True,via PostgREST root,200,,,
f-hks-sihid-sr-programm,EELIS,eelis,GET,https://keskkonnaandmed.envir.ee/f_hks_sihid_sr_programm?limit=1,json,openapi,False,True,via PostgREST root,200,,,
f-hks-sihid-vmmeede,EELIS,eelis,GET,https://keskkonnaandmed.envir.ee/f_hks_sihid_vmmeede?limit=1,json,openapi,False,True,via PostgREST root,200,,,
f-hks-siht-seisud,EELIS,eelis,GET,https://keskkonnaandmed.envir.ee/f_hks_siht_seisud?limit=1,json,openapi,False,True,via PostgREST root,200,,,
f-hydroseire,Hüdroloogia,,GET,https://keskkonnaandmed.envir.ee/f_hydroseire?limit=1,json,openapi,False,True,via PostgREST root,200,,,
f-invelupaigad,EELIS,eelis,GET,https://keskkonnaandmed.envir.ee/f_invelupaigad?limit=1,json,openapi,False,True,via PostgREST root,200,,,
f-invelupaigad-ala,EELIS,eelis,GET,https://keskkonnaandmed.envir.ee/f_invelupaigad_ala?limit=1,json,openapi,False,True,via PostgREST root,200,,,
f-invelupaigad-ehak,EELIS,eelis,GET,https://keskkonnaandmed.envir.ee/f_invelupaigad_ehak?limit=1,json,openapi,False,True,via PostgREST root,200,,,
f-invelupaigad-invelupaigatyyp,EELIS,eelis,GET,https://keskkonnaandmed.envir.ee/f_invelupaigad_invelupaigatyyp?limit=1,json,openapi,False,True,via PostgREST root,200,,,
f-invelupaigad-invmojutegur,EELIS,eelis,GET,https://keskkonnaandmed.envir.ee/f_invelupaigad_invmojutegur?limit=1,json,openapi,False,True,via PostgREST root,200,,,
f-invelupaigad-invtunnus,EELIS,eelis,GET,https://keskkonnaandmed.envir.ee/f_invelupaigad_invtunnus?limit=1,json,openapi,False,True,via PostgREST root,200,,,
f-invelupaigad-kandealus,EELIS,eelis,GET,https://keskkonnaandmed.envir.ee/f_invelupaigad_kandealus?limit=1,json,openapi,False,True,via PostgREST root,200,,,
f-invelupaigad-lkoht,EELIS,eelis,GET,https://keskkonnaandmed.envir.ee/f_invelupaigad_lkoht?limit=1,json,openapi,False,True,via PostgREST root,200,,,
f-invelupaigad-lnim,EELIS,eelis,GET,https://keskkonnaandmed.envir.ee/f_invelupaigad_lnim?limit=1,json,openapi,False,True,via PostgREST root,200,,,
f-invelupaigad-rahvala,EELIS,eelis,GET,https://keskkonnaandmed.envir.ee/f_invelupaigad_rahvala?limit=1,json,openapi,False,True,via PostgREST root,200,,,
f-invelupaigad-veekogu,EELIS,eelis,GET,https://keskkonnaandmed.envir.ee/f_invelupaigad_veekogu?limit=1,json,openapi,False,True,via PostgREST root,200,,,
f-jaakreostusalad,EELIS,eelis,GET,https://keskkonnaandmed.envir.ee/f_jaakreostusalad?limit=1,json,openapi,False,True,via PostgREST root,200,,,
f-jaakreostusalad-alamobjekt,EELIS,eelis,GET,https://keskkonnaandmed.envir.ee/f_jaakreostusalad_alamobjekt?limit=1,json,openapi,False,True,via PostgREST root,200,,,
f-jaakreostusalad-ehak,EELIS,eelis,GET,https://keskkonnaandmed.envir.ee/f_jaakreostusalad_ehak?limit=1,json,openapi,False,True,via PostgREST root,200,,,
f-jaakreostusalad-kandealus,EELIS,eelis,GET,https://keskkonnaandmed.envir.ee/f_jaakreostusalad_kandealus?limit=1,json,openapi,False,True,via PostgREST root,200,,,
f-jaakreostusalad-kirjandus,EELIS,eelis,GET,https://keskkonnaandmed.envir.ee/f_jaakreostusalad_kirjandus?limit=1,json,openapi,False,True,via PostgREST root,200,,,
f-jaakreostusalad-puurauk,EELIS,eelis,GET,https://keskkonnaandmed.envir.ee/f_jaakreostusalad_puurauk?limit=1,json,openapi,False,True,via PostgREST root,200,,,
f-jaakreostusalad-vesikond,EELIS,eelis,GET,https://keskkonnaandmed.envir.ee/f_jaakreostusalad_vesikond?limit=1,json,openapi,False,True,via PostgREST root,200,,,
f-jaatmejaamad-jaatmeliigid-curr,EELIS,eelis,GET,https://keskkonnaandmed.envir.ee/f_jaatmejaamad_jaatmeliigid_curr?limit=1,json,openapi,False,True,via PostgREST root,200,,,
f-jaatmekohad,EELIS,eelis,GET,https://keskkonnaandmed.envir.ee/f_jaatmekohad?limit=1,json,openapi,False,True,via PostgREST root,200,,,
f-jaatmekohad-kandealus,EELIS,eelis,GET,https://keskkonnaandmed.envir.ee/f_jaatmekohad_kandealus?limit=1,json,openapi,False,True,via PostgREST root,200,,,
f-jaatmekohad-kirjandus,EELIS,eelis,GET,https://keskkonnaandmed.envir.ee/f_jaatmekohad_kirjandus?limit=1,json,openapi,False,True,via PostgREST root,200,,,
f-jaatmeliikumine-fix-riik,EELIS,eelis,GET,https://keskkonnaandmed.envir.ee/f_jaatmeliikumine_fix_riik?limit=1,json,openapi,False,True,via PostgREST root,200,,,
f-jahiala,EELIS,eelis,GET,https://keskkonnaandmed.envir.ee/f_jahiala?limit=1,json,openapi,False,True,via PostgREST root,200,,,
f-jahiala-dokument,EELIS,eelis,GET,https://keskkonnaandmed.envir.ee/f_jahiala_dokument?limit=1,json,openapi,False,True,via PostgREST root,200,,,
f-jahiala-kandealus,EELIS,eelis,GET,https://keskkonnaandmed.envir.ee/f_jahiala_kandealus?limit=1,json,openapi,False,True,via PostgREST root,200,,,
f-jahiala-seirejaam,EELIS,eelis,GET,https://keskkonnaandmed.envir.ee/f_jahiala_seirejaam?limit=1,json,openapi,False,True,via PostgREST root,200,,,
f-jkkregister-curr,EELIS,eelis,GET,https://keskkonnaandmed.envir.ee/f_jkkregister_curr?limit=1,json,openapi,False,True,via PostgREST root,200,,,
f-keskkonnaseire,Keskkonnaseire,,GET,https://keskkonnaandmed.envir.ee/f_keskkonnaseire?limit=1,json,openapi,False,True,via PostgREST root,200,,,
f-kliima-element,Kliima,,GET,https://keskkonnaandmed.envir.ee/f_kliima_element?limit=1,json,openapi,False,True,via PostgREST root,200,,,
f-kliima-jaam-vaatlus,Kliima,,GET,https://keskkonnaandmed.envir.ee/f_kliima_jaam_vaatlus?limit=1,json,openapi,False,True,via PostgREST root,200,,,
f-kliima-kuu,Kliima,,GET,https://keskkonnaandmed.envir.ee/f_kliima_kuu?limit=1,json,openapi,False,True,via PostgREST root,200,,,
f-kliima-minut,Kliima,,GET,https://keskkonnaandmed.envir.ee/f_kliima_minut?limit=1,json,openapi,False,True,via PostgREST root,200,,,
f-kliima-paev,Kliima,,GET,https://keskkonnaandmed.envir.ee/f_kliima_paev?limit=1,json,openapi,False,True,via PostgREST root,200,,,
f-kliima-tund,Kliima,,GET,https://keskkonnaandmed.envir.ee/f_kliima_tund?limit=1,json,openapi,False,True,via PostgREST root,200,,,
f-kohustus-yld-curr,EELIS,eelis,GET,https://keskkonnaandmed.envir.ee/f_kohustus_yld_curr?limit=1,json,openapi,False,True,via PostgREST root,200,,,
f-lcp-poletusseadmed-allikas-curr,EELIS,eelis,GET,https://keskkonnaandmed.envir.ee/f_lcp_poletusseadmed_allikas_curr?limit=1,json,openapi,False,True,via PostgREST root,200,,,
f-lkohad,EELIS,eelis,GET,https://keskkonnaandmed.envir.ee/f_lkohad?limit=1,json,openapi,False,True,via PostgREST root,200,,,
f-lkohad-ala,EELIS,eelis,GET,https://keskkonnaandmed.envir.ee/f_lkohad_ala?limit=1,json,openapi,False,True,via PostgREST root,200,,,
f-lkohad-alamosa,EELIS,eelis,GET,https://keskkonnaandmed.envir.ee/f_lkohad_alamosa?limit=1,json,openapi,False,True,via PostgREST root,200,,,
f-lkohad-ehak,EELIS,eelis,GET,https://keskkonnaandmed.envir.ee/f_lkohad_ehak?limit=1,json,openapi,False,True,via PostgREST root,200,,,
f-lkohad-invelupaik,EELIS,eelis,GET,https://keskkonnaandmed.envir.ee/f_lkohad_invelupaik?limit=1,json,openapi,False,True,via PostgREST root,200,,,
f-lkohad-lnim,EELIS,eelis,GET,https://keskkonnaandmed.envir.ee/f_lkohad_lnim?limit=1,json,openapi,False,True,via PostgREST root,200,,,
f-lkohad-py-ala,EELIS,eelis,GET,https://keskkonnaandmed.envir.ee/f_lkohad_py_ala?limit=1,json,openapi,False,True,via PostgREST root,200,,,
f-lkohad-veekogu,EELIS,eelis,GET,https://keskkonnaandmed.envir.ee/f_lkohad_veekogu?limit=1,json,openapi,False,True,via PostgREST root,200,,,
f-luba-curr,EELIS,eelis,GET,https://keskkonnaandmed.envir.ee/f_luba_curr?limit=1,json,openapi,False,True,via PostgREST root,200,,,
f-maa-deklar-kaevand-maht-api,EELIS,eelis,GET,https://keskkonnaandmed.envir.ee/f_maa_deklar_kaevand_maht_api?limit=1,json,openapi,False,True,via PostgREST root,200,,,
f-maa-deklar-tasu-api,EELIS,eelis,GET,https://keskkonnaandmed.envir.ee/f_maa_deklar_tasu_api?limit=1,json,openapi,False,True,via PostgREST root,200,,,
f-maa-deklar-tulusaaja-api,EELIS,eelis,GET,https://keskkonnaandmed.envir.ee/f_maa_deklar_tulusaaja_api?limit=1,json,openapi,False,True,via PostgREST root,200,,,
f-maasoojussysteemid,EELIS,eelis,GET,https://keskkonnaandmed.envir.ee/f_maasoojussysteemid?limit=1,json,openapi,False,True,via PostgREST root,200,,,
f-maasoojussysteemid-ehak,EELIS,eelis,GET,https://keskkonnaandmed.envir.ee/f_maasoojussysteemid_ehak?limit=1,json,openapi,False,True,via PostgREST root,200,,,
f-maasoojussysteemid-puurauk,EELIS,eelis,GET,https://keskkonnaandmed.envir.ee/f_maasoojussysteemid_puurauk?limit=1,json,openapi,False,True,via PostgREST root,200,,,
f-paisud,EELIS,eelis,GET,https://keskkonnaandmed.envir.ee/f_paisud?limit=1,json,openapi,False,True,via PostgREST root,200,,,
f-paisud-kandealus,EELIS,eelis,GET,https://keskkonnaandmed.envir.ee/f_paisud_kandealus?limit=1,json,openapi,False,True,via PostgREST root,200,,,
f-paisud-kirjandus,EELIS,eelis,GET,https://keskkonnaandmed.envir.ee/f_paisud_kirjandus?limit=1,json,openapi,False,True,via PostgREST root,200,,,
f-paisud-klis-luba,EELIS,eelis,GET,https://keskkonnaandmed.envir.ee/f_paisud_klis_luba?limit=1,json,openapi,False,True,via PostgREST root,200,,,
f-paisud-veekogum,EELIS,eelis,GET,https://keskkonnaandmed.envir.ee/f_paisud_veekogum?limit=1,json,openapi,False,True,via PostgREST root,200,,,
f-paisud-veekogum-seis,EELIS,eelis,GET,https://keskkonnaandmed.envir.ee/f_paisud_veekogum_seis?limit=1,json,openapi,False,True,via PostgREST root,200,,,
f-paisud-vesiviljelus,EELIS,eelis,GET,https://keskkonnaandmed.envir.ee/f_paisud_vesiviljelus?limit=1,json,openapi,False,True,via PostgREST root,200,,,
f-paisud-yld,EELIS,eelis,GET,https://keskkonnaandmed.envir.ee/f_paisud_yld?limit=1,json,openapi,False,True,via PostgREST root,200,,,
f-parandobjd,EELIS,eelis,GET,https://keskkonnaandmed.envir.ee/f_parandobjd?limit=1,json,openapi,False,True,via PostgREST root,200,,,
f-parandobjd-ehak,EELIS,eelis,GET,https://keskkonnaandmed.envir.ee/f_parandobjd_ehak?limit=1,json,openapi,False,True,via PostgREST root,200,,,
f-parandobjd-veekogu,EELIS,eelis,GET,https://keskkonnaandmed.envir.ee/f_parandobjd_veekogu?limit=1,json,openapi,False,True,via PostgREST root,200,,,
f-pohjaveekogumi-seisud,EELIS,eelis,GET,https://keskkonnaandmed.envir.ee/f_pohjaveekogumi_seisud?limit=1,json,openapi,False,True,via PostgREST root,200,,,
f-pohjaveekogumi-seisud-kandealus,EELIS,eelis,GET,https://keskkonnaandmed.envir.ee/f_pohjaveekogumi_seisud_kandealus?limit=1,json,openapi,False,True,via PostgREST root,200,,,
f-pohjaveekogumi-seisud-kirjandus,EELIS,eelis,GET,https://keskkonnaandmed.envir.ee/f_pohjaveekogumi_seisud_kirjandus?limit=1,json,openapi,False,True,via PostgREST root,200,,,
f-pohjaveekogumid,EELIS,eelis,GET,https://keskkonnaandmed.envir.ee/f_pohjaveekogumid?limit=1,json,openapi,False,True,via PostgREST root,200,,,
f-pohjaveekogumid-dok,EELIS,eelis,GET,https://keskkonnaandmed.envir.ee/f_pohjaveekogumid_dok?limit=1,json,openapi,False,True,via PostgREST root,200,,,
f-pohjaveekogumid-eelnev-pohjaveekogum,EELIS,eelis,GET,https://keskkonnaandmed.envir.ee/f_pohjaveekogumid_eelnev_pohjaveekogum?limit=1,json,openapi,False,True,via PostgREST root,200,,,
f-pohjaveekogumid-jargnev-pohjaveekogum,EELIS,eelis,GET,https://keskkonnaandmed.envir.ee/f_pohjaveekogumid_jargnev_pohjaveekogum?limit=1,json,openapi,False,True,via PostgREST root,200,,,
f-pohjaveekogumid-kandealus,EELIS,eelis,GET,https://keskkonnaandmed.envir.ee/f_pohjaveekogumid_kandealus?limit=1,json,openapi,False,True,via PostgREST root,200,,,
f-pohjaveekogumid-pohjaveekogum-seis,EELIS,eelis,GET,https://keskkonnaandmed.envir.ee/f_pohjaveekogumid_pohjaveekogum_seis?limit=1,json,openapi,False,True,via PostgREST root,200,,,
f-pohjaveekogumid-pohjaveevaru,EELIS,eelis,GET,https://keskkonnaandmed.envir.ee/f_pohjaveekogumid_pohjaveevaru?limit=1,json,openapi,False,True,via PostgREST root,200,,,
f-pohjaveekogumid-puurauk,EELIS,eelis,GET,https://keskkonnaandmed.envir.ee/f_pohjaveekogumid_puurauk?limit=1,json,openapi,False,True,via PostgREST root,200,,,
f-pohjaveekogumid-puurauk-pealmine,EELIS,eelis,GET,https://keskkonnaandmed.envir.ee/f_pohjaveekogumid_puurauk_pealmine?limit=1,json,openapi,False,True,via PostgREST root,200,,,
f-pohjaveekogumid-rahvala,EELIS,eelis,GET,https://keskkonnaandmed.envir.ee/f_pohjaveekogumid_rahvala?limit=1,json,openapi,False,True,via PostgREST root,200,,,
f-pohjaveekogumid-tundlik-ala,EELIS,eelis,GET,https://keskkonnaandmed.envir.ee/f_pohjaveekogumid_tundlik_ala?limit=1,json,openapi,False,True,via PostgREST root,200,,,
f-pohjaveekogumid-vesikond,EELIS,eelis,GET,https://keskkonnaandmed.envir.ee/f_pohjaveekogumid_vesikond?limit=1,json,openapi,False,True,via PostgREST root,200,,,
f-pohjaveevarud,EELIS,eelis,GET,https://keskkonnaandmed.envir.ee/f_pohjaveevarud?limit=1,json,openapi,False,True,via PostgREST root,200,,,
f-pohjaveevarud-dok,EELIS,eelis,GET,https://keskkonnaandmed.envir.ee/f_pohjaveevarud_dok?limit=1,json,openapi,False,True,via PostgREST root,200,,,
f-pohjaveevarud-eelnev-pohjaveevaru,EELIS,eelis,GET,https://keskkonnaandmed.envir.ee/f_pohjaveevarud_eelnev_pohjaveevaru?limit=1,json,openapi,False,True,via PostgREST root,200,,,
f-pohjaveevarud-ehak,EELIS,eelis,GET,https://keskkonnaandmed.envir.ee/f_pohjaveevarud_ehak?limit=1,json,openapi,False,True,via PostgREST root,200,,,
f-pohjaveevarud-jargnev-pohjaveevaru,EELIS,eelis,GET,https://keskkonnaandmed.envir.ee/f_pohjaveevarud_jargnev_pohjaveevaru?limit=1,json,openapi,False,True,via PostgREST root,200,,,
f-pohjaveevarud-kandealus,EELIS,eelis,GET,https://keskkonnaandmed.envir.ee/f_pohjaveevarud_kandealus?limit=1,json,openapi,False,True,via PostgREST root,200,,,
f-pohjaveevarud-kirjandus,EELIS,eelis,GET,https://keskkonnaandmed.envir.ee/f_pohjaveevarud_kirjandus?limit=1,json,openapi,False,True,via PostgREST root,200,,,
f-pohjaveevarud-pohjaveekogum-seis,EELIS,eelis,GET,https://keskkonnaandmed.envir.ee/f_pohjaveevarud_pohjaveekogum_seis?limit=1,json,openapi,False,True,via PostgREST root,200,,,
f-pohjaveevarud-puurauk,EELIS,eelis,GET,https://keskkonnaandmed.envir.ee/f_pohjaveevarud_puurauk?limit=1,json,openapi,False,True,via PostgREST root,200,,,
f-puhastid,EELIS,eelis,GET,https://keskkonnaandmed.envir.ee/f_puhastid?limit=1,json,openapi,False,True,via PostgREST root,200,,,
f-puhastid-ehak,EELIS,eelis,GET,https://keskkonnaandmed.envir.ee/f_puhastid_ehak?limit=1,json,openapi,False,True,via PostgREST root,200,,,
f-puhastid-veehaare,EELIS,eelis,GET,https://keskkonnaandmed.envir.ee/f_puhastid_veehaare?limit=1,json,openapi,False,True,via PostgREST root,200,,,
f-puhastid-veelase,EELIS,eelis,GET,https://keskkonnaandmed.envir.ee/f_puhastid_veelase?limit=1,json,openapi,False,True,via PostgREST root,200,,,
f-puuraugud,EELIS,eelis,GET,https://keskkonnaandmed.envir.ee/f_puuraugud?limit=1,json,openapi,False,True,via PostgREST root,200,,,
f-puuraugud-ehak,EELIS,eelis,GET,https://keskkonnaandmed.envir.ee/f_puuraugud_ehak?limit=1,json,openapi,False,True,via PostgREST root,200,,,
f-puuraugud-konstruktsioon,EELIS,eelis,GET,https://keskkonnaandmed.envir.ee/f_puuraugud_konstruktsioon?limit=1,json,openapi,False,True,via PostgREST root,200,,,
f-puuraugud-labiloige,EELIS,eelis,GET,https://keskkonnaandmed.envir.ee/f_puuraugud_labiloige?limit=1,json,openapi,False,True,via PostgREST root,200,,,
f-puuraugud-pohjaveekogum-seis,EELIS,eelis,GET,https://keskkonnaandmed.envir.ee/f_puuraugud_pohjaveekogum_seis?limit=1,json,openapi,False,True,via PostgREST root,200,,,
f-puuraugud-pohjaveevaru,EELIS,eelis,GET,https://keskkonnaandmed.envir.ee/f_puuraugud_pohjaveevaru?limit=1,json,openapi,False,True,via PostgREST root,200,,,
f-puuraugud-puurauk-param,EELIS,eelis,GET,https://keskkonnaandmed.envir.ee/f_puuraugud_puurauk_param?limit=1,json,openapi,False,True,via PostgREST root,200,,,
f-puuraugud-seirejaam,EELIS,eelis,GET,https://keskkonnaandmed.envir.ee/f_puuraugud_seirejaam?limit=1,json,openapi,False,True,via PostgREST root,200,,,
f-puuraugud-vesikond,EELIS,eelis,GET,https://keskkonnaandmed.envir.ee/f_puuraugud_vesikond?limit=1,json,openapi,False,True,via PostgREST root,200,,,
f-puuraugud-voond,EELIS,eelis,GET,https://keskkonnaandmed.envir.ee/f_puuraugud_voond?limit=1,json,openapi,False,True,via PostgREST root,200,,,
f-rahvalad,EELIS,eelis,GET,https://keskkonnaandmed.envir.ee/f_rahvalad?limit=1,json,openapi,False,True,via PostgREST root,200,,,
f-rahvalad-dok,EELIS,eelis,GET,https://keskkonnaandmed.envir.ee/f_rahvalad_dok?limit=1,json,openapi,False,True,via PostgREST root,200,,,
f-rahvalad-ehak,EELIS,eelis,GET,https://keskkonnaandmed.envir.ee/f_rahvalad_ehak?limit=1,json,openapi,False,True,via PostgREST root,200,,,
f-rahvalad-elupaigatyyp,EELIS,eelis,GET,https://keskkonnaandmed.envir.ee/f_rahvalad_elupaigatyyp?limit=1,json,openapi,False,True,via PostgREST root,200,,,
f-rahvalad-elupaikstat,EELIS,eelis,GET,https://keskkonnaandmed.envir.ee/f_rahvalad_elupaikstat?limit=1,json,openapi,False,True,via PostgREST root,200,,,
f-rahvalad-invmojutegur,EELIS,eelis,GET,https://keskkonnaandmed.envir.ee/f_rahvalad_invmojutegur?limit=1,json,openapi,False,True,via PostgREST root,200,,,
f-rahvalad-kandealus,EELIS,eelis,GET,https://keskkonnaandmed.envir.ee/f_rahvalad_kandealus?limit=1,json,openapi,False,True,via PostgREST root,200,,,
f-rahvalad-lkohtstat,EELIS,eelis,GET,https://keskkonnaandmed.envir.ee/f_rahvalad_lkohtstat?limit=1,json,openapi,False,True,via PostgREST root,200,,,
f-rahvalad-lnim,EELIS,eelis,GET,https://keskkonnaandmed.envir.ee/f_rahvalad_lnim?limit=1,json,openapi,False,True,via PostgREST root,200,,,
f-reoveealad,EELIS,eelis,GET,https://keskkonnaandmed.envir.ee/f_reoveealad?limit=1,json,openapi,False,True,via PostgREST root,200,,,
f-reoveealad-dok,EELIS,eelis,GET,https://keskkonnaandmed.envir.ee/f_reoveealad_dok?limit=1,json,openapi,False,True,via PostgREST root,200,,,
f-reoveealad-ehak,EELIS,eelis,GET,https://keskkonnaandmed.envir.ee/f_reoveealad_ehak?limit=1,json,openapi,False,True,via PostgREST root,200,,,
f-reoveealad-fjisik,EELIS,eelis,GET,https://keskkonnaandmed.envir.ee/f_reoveealad_fjisik?limit=1,json,openapi,False,True,via PostgREST root,200,,,
f-reoveealad-kandealus,EELIS,eelis,GET,https://keskkonnaandmed.envir.ee/f_reoveealad_kandealus?limit=1,json,openapi,False,True,via PostgREST root,200,,,
f-reoveealad-kirjandus,EELIS,eelis,GET,https://keskkonnaandmed.envir.ee/f_reoveealad_kirjandus?limit=1,json,openapi,False,True,via PostgREST root,200,,,
f-reoveealad-koormus,EELIS,eelis,GET,https://keskkonnaandmed.envir.ee/f_reoveealad_koormus?limit=1,json,openapi,False,True,via PostgREST root,200,,,
f-reoveealad-puhasti,EELIS,eelis,GET,https://keskkonnaandmed.envir.ee/f_reoveealad_puhasti?limit=1,json,openapi,False,True,via PostgREST root,200,,,
f-reoveealad-veekogum,EELIS,eelis,GET,https://keskkonnaandmed.envir.ee/f_reoveealad_veekogum?limit=1,json,openapi,False,True,via PostgREST root,200,,,
f-reoveealad-veekogum-seis,EELIS,eelis,GET,https://keskkonnaandmed.envir.ee/f_reoveealad_veekogum_seis?limit=1,json,openapi,False,True,via PostgREST root,200,,,
f-reoveealad-veelase,EELIS,eelis,GET,https://keskkonnaandmed.envir.ee/f_reoveealad_veelase?limit=1,json,openapi,False,True,via PostgREST root,200,,,
f-reoveealad-vv-veelase,EELIS,eelis,GET,https://keskkonnaandmed.envir.ee/f_reoveealad_vv_veelase?limit=1,json,openapi,False,True,via PostgREST root,200,,,
f-rongastused,EELIS,eelis,GET,https://keskkonnaandmed.envir.ee/f_rongastused?limit=1,json,openapi,False,True,via PostgREST root,200,,,
f-saared,EELIS,eelis,GET,https://keskkonnaandmed.envir.ee/f_saared?limit=1,json,openapi,False,True,via PostgREST root,200,,,
f-saared-ala,EELIS,eelis,GET,https://keskkonnaandmed.envir.ee/f_saared_ala?limit=1,json,openapi,False,True,via PostgREST root,200,,,
f-saared-ehak,EELIS,eelis,GET,https://keskkonnaandmed.envir.ee/f_saared_ehak?limit=1,json,openapi,False,True,via PostgREST root,200,,,
f-saared-kandealus,EELIS,eelis,GET,https://keskkonnaandmed.envir.ee/f_saared_kandealus?limit=1,json,openapi,False,True,via PostgREST root,200,,,
f-saared-saar,EELIS,eelis,GET,https://keskkonnaandmed.envir.ee/f_saared_saar?limit=1,json,openapi,False,True,via PostgREST root,200,,,
f-saared-seirejaam,EELIS,eelis,GET,https://keskkonnaandmed.envir.ee/f_saared_seirejaam?limit=1,json,openapi,False,True,via PostgREST root,200,,,
f-saared-veekogu,EELIS,eelis,GET,https://keskkonnaandmed.envir.ee/f_saared_veekogu?limit=1,json,openapi,False,True,via PostgREST root,200,,,
f-seirejaamad,EELIS,eelis,GET,https://keskkonnaandmed.envir.ee/f_seirejaamad?limit=1,json,openapi,False,True,via PostgREST root,200,,,
f-seirejaamad-dok,EELIS,eelis,GET,https://keskkonnaandmed.envir.ee/f_seirejaamad_dok?limit=1,json,openapi,False,True,via PostgREST root,200,,,
f-seirejaamad-kandealus,EELIS,eelis,GET,https://keskkonnaandmed.envir.ee/f_seirejaamad_kandealus?limit=1,json,openapi,False,True,via PostgREST root,200,,,
f-seirejaamad-mootekoht,EELIS,eelis,GET,https://keskkonnaandmed.envir.ee/f_seirejaamad_mootekoht?limit=1,json,openapi,False,True,via PostgREST root,200,,,
f-seirejaamad-sr-programm,EELIS,eelis,GET,https://keskkonnaandmed.envir.ee/f_seirejaamad_sr_programm?limit=1,json,openapi,False,True,via PostgREST root,200,,,
f-seirejaamad-valgla,EELIS,eelis,GET,https://keskkonnaandmed.envir.ee/f_seirejaamad_valgla?limit=1,json,openapi,False,True,via PostgREST root,200,,,
f-smi-tulemused,EELIS,eelis,GET,https://keskkonnaandmed.envir.ee/f_smi_tulemused?limit=1,json,openapi,False,True,via PostgREST root,200,,,
f-toetused,EELIS,eelis,GET,https://keskkonnaandmed.envir.ee/f_toetused?limit=1,json,openapi,False,True,via PostgREST root,200,,,
f-toetused-ehak,EELIS,eelis,GET,https://keskkonnaandmed.envir.ee/f_toetused_ehak?limit=1,json,openapi,False,True,via PostgREST root,200,,,
f-toetused-kandealus,EELIS,eelis,GET,https://keskkonnaandmed.envir.ee/f_toetused_kandealus?limit=1,json,openapi,False,True,via PostgREST root,200,,,
f-tundlikud-alad,EELIS,eelis,GET,https://keskkonnaandmed.envir.ee/f_tundlikud_alad?limit=1,json,openapi,False,True,via PostgREST root,200,,,
f-tundlikud-alad-alamobjekt,EELIS,eelis,GET,https://keskkonnaandmed.envir.ee/f_tundlikud_alad_alamobjekt?limit=1,json,openapi,False,True,via PostgREST root,200,,,
f-tundlikud-alad-dok,EELIS,eelis,GET,https://keskkonnaandmed.envir.ee/f_tundlikud_alad_dok?limit=1,json,openapi,False,True,via PostgREST root,200,,,
f-tundlikud-alad-ehak,EELIS,eelis,GET,https://keskkonnaandmed.envir.ee/f_tundlikud_alad_ehak?limit=1,json,openapi,False,True,via PostgREST root,200,,,
f-tundlikud-alad-kandealus,EELIS,eelis,GET,https://keskkonnaandmed.envir.ee/f_tundlikud_alad_kandealus?limit=1,json,openapi,False,True,via PostgREST root,200,,,
f-tundlikud-alad-kirjandus,EELIS,eelis,GET,https://keskkonnaandmed.envir.ee/f_tundlikud_alad_kirjandus?limit=1,json,openapi,False,True,via PostgREST root,200,,,
f-tundlikud-alad-pohjaveekogum-seis,EELIS,eelis,GET,https://keskkonnaandmed.envir.ee/f_tundlikud_alad_pohjaveekogum_seis?limit=1,json,openapi,False,True,via PostgREST root,200,,,
f-tundlikud-alad-veekogu,EELIS,eelis,GET,https://keskkonnaandmed.envir.ee/f_tundlikud_alad_veekogu?limit=1,json,openapi,False,True,via PostgREST root,200,,,
f-veehaarded,EELIS,eelis,GET,https://keskkonnaandmed.envir.ee/f_veehaarded?limit=1,json,openapi,False,True,via PostgREST root,200,,,
f-veehaarded-dok,EELIS,eelis,GET,https://keskkonnaandmed.envir.ee/f_veehaarded_dok?limit=1,json,openapi,False,True,via PostgREST root,200,,,
f-veehaarded-ehak,EELIS,eelis,GET,https://keskkonnaandmed.envir.ee/f_veehaarded_ehak?limit=1,json,openapi,False,True,via PostgREST root,200,,,
f-veehaarded-fjisik,EELIS,eelis,GET,https://keskkonnaandmed.envir.ee/f_veehaarded_fjisik?limit=1,json,openapi,False,True,via PostgREST root,200,,,
f-veehaarded-kandealus,EELIS,eelis,GET,https://keskkonnaandmed.envir.ee/f_veehaarded_kandealus?limit=1,json,openapi,False,True,via PostgREST root,200,,,
f-veehaarded-kirjandus,EELIS,eelis,GET,https://keskkonnaandmed.envir.ee/f_veehaarded_kirjandus?limit=1,json,openapi,False,True,via PostgREST root,200,,,
f-veehaarded-puurauk,EELIS,eelis,GET,https://keskkonnaandmed.envir.ee/f_veehaarded_puurauk?limit=1,json,openapi,False,True,via PostgREST root,200,,,
f-veehaarded-veekogum,EELIS,eelis,GET,https://keskkonnaandmed.envir.ee/f_veehaarded_veekogum?limit=1,json,openapi,False,True,via PostgREST root,200,,,
f-veehaarded-veekogum-seis,EELIS,eelis,GET,https://keskkonnaandmed.envir.ee/f_veehaarded_veekogum_seis?limit=1,json,openapi,False,True,via PostgREST root,200,,,
f-veehaarded-vesikond,EELIS,eelis,GET,https://keskkonnaandmed.envir.ee/f_veehaarded_vesikond?limit=1,json,openapi,False,True,via PostgREST root,200,,,
f-veehaarded-vesiviljelus,EELIS,eelis,GET,https://keskkonnaandmed.envir.ee/f_veehaarded_vesiviljelus?limit=1,json,openapi,False,True,via PostgREST root,200,,,
f-veehaarded-voond,EELIS,eelis,GET,https://keskkonnaandmed.envir.ee/f_veehaarded_voond?limit=1,json,openapi,False,True,via PostgREST root,200,,,
f-veekogud,EELIS,eelis,GET,https://keskkonnaandmed.envir.ee/f_veekogud?limit=1,json,openapi,False,True,via PostgREST root,200,,,
f-veekogud-ala-kaitse-pyp,EELIS,eelis,GET,https://keskkonnaandmed.envir.ee/f_veekogud_ala_kaitse_pyp?limit=1,json,openapi,False,True,via PostgREST root,200,,,
f-veekogud-ala-obj,EELIS,eelis,GET,https://keskkonnaandmed.envir.ee/f_veekogud_ala_obj?limit=1,json,openapi,False,True,via PostgREST root,200,,,
f-veekogud-allikas-yrg,EELIS,eelis,GET,https://keskkonnaandmed.envir.ee/f_veekogud_allikas_yrg?limit=1,json,openapi,False,True,via PostgREST root,200,,,
f-veekogud-dok,EELIS,eelis,GET,https://keskkonnaandmed.envir.ee/f_veekogud_dok?limit=1,json,openapi,False,True,via PostgREST root,200,,,
f-veekogud-ehak,EELIS,eelis,GET,https://keskkonnaandmed.envir.ee/f_veekogud_ehak?limit=1,json,openapi,False,True,via PostgREST root,200,,,
f-veekogud-invelupaik,EELIS,eelis,GET,https://keskkonnaandmed.envir.ee/f_veekogud_invelupaik?limit=1,json,openapi,False,True,via PostgREST root,200,,,
f-veekogud-jvv-pais,EELIS,eelis,GET,https://keskkonnaandmed.envir.ee/f_veekogud_jvv_pais?limit=1,json,openapi,False,True,via PostgREST root,200,,,
f-veekogud-jvv-veekogu,EELIS,eelis,GET,https://keskkonnaandmed.envir.ee/f_veekogud_jvv_veekogu?limit=1,json,openapi,False,True,via PostgREST root,200,,,
f-veekogud-jvv-veekogum,EELIS,eelis,GET,https://keskkonnaandmed.envir.ee/f_veekogud_jvv_veekogum?limit=1,json,openapi,False,True,via PostgREST root,200,,,
f-veekogud-kaitsealune-ala,EELIS,eelis,GET,https://keskkonnaandmed.envir.ee/f_veekogud_kaitsealune_ala?limit=1,json,openapi,False,True,via PostgREST root,200,,,
f-veekogud-kandealus,EELIS,eelis,GET,https://keskkonnaandmed.envir.ee/f_veekogud_kandealus?limit=1,json,openapi,False,True,via PostgREST root,200,,,
f-veekogud-kirjandus,EELIS,eelis,GET,https://keskkonnaandmed.envir.ee/f_veekogud_kirjandus?limit=1,json,openapi,False,True,via PostgREST root,200,,,
f-veekogud-lahtuv-veekogu,EELIS,eelis,GET,https://keskkonnaandmed.envir.ee/f_veekogud_lahtuv_veekogu?limit=1,json,openapi,False,True,via PostgREST root,200,,,
f-veekogud-lkoht,EELIS,eelis,GET,https://keskkonnaandmed.envir.ee/f_veekogud_lkoht?limit=1,json,openapi,False,True,via PostgREST root,200,,,
f-veekogud-mere-veekogu,EELIS,eelis,GET,https://keskkonnaandmed.envir.ee/f_veekogud_mere_veekogu?limit=1,json,openapi,False,True,via PostgREST root,200,,,
f-veekogud-pais,EELIS,eelis,GET,https://keskkonnaandmed.envir.ee/f_veekogud_pais?limit=1,json,openapi,False,True,via PostgREST root,200,,,
f-veekogud-parandobj,EELIS,eelis,GET,https://keskkonnaandmed.envir.ee/f_veekogud_parandobj?limit=1,json,openapi,False,True,via PostgREST root,200,,,
f-veekogud-rahvala,EELIS,eelis,GET,https://keskkonnaandmed.envir.ee/f_veekogud_rahvala?limit=1,json,openapi,False,True,via PostgREST root,200,,,
f-veekogud-saar,EELIS,eelis,GET,https://keskkonnaandmed.envir.ee/f_veekogud_saar?limit=1,json,openapi,False,True,via PostgREST root,200,,,
f-veekogud-seirejaam,EELIS,eelis,GET,https://keskkonnaandmed.envir.ee/f_veekogud_seirejaam?limit=1,json,openapi,False,True,via PostgREST root,200,,,
f-veekogud-suubuv-veekogu,EELIS,eelis,GET,https://keskkonnaandmed.envir.ee/f_veekogud_suubuv_veekogu?limit=1,json,openapi,False,True,via PostgREST root,200,,,
f-veekogud-veehaare,EELIS,eelis,GET,https://keskkonnaandmed.envir.ee/f_veekogud_veehaare?limit=1,json,openapi,False,True,via PostgREST root,200,,,
f-veekogud-veekogum-seis,EELIS,eelis,GET,https://keskkonnaandmed.envir.ee/f_veekogud_veekogum_seis?limit=1,json,openapi,False,True,via PostgREST root,200,,,
f-veekogud-veelase,EELIS,eelis,GET,https://keskkonnaandmed.envir.ee/f_veekogud_veelase?limit=1,json,openapi,False,True,via PostgREST root,200,,,
f-veekogud-vesikond,EELIS,eelis,GET,https://keskkonnaandmed.envir.ee/f_veekogud_vesikond?limit=1,json,openapi,False,True,via PostgREST root,200,,,
f-veekogud-vesiviljelus,EELIS,eelis,GET,https://keskkonnaandmed.envir.ee/f_veekogud_vesiviljelus?limit=1,json,openapi,False,True,via PostgREST root,200,,,
f-veekogud-vkg-veekogum,EELIS,eelis,GET,https://keskkonnaandmed.envir.ee/f_veekogud_vkg_veekogum?limit=1,json,openapi,False,True,via PostgREST root,200,,,
f-veekogud-yrg,EELIS,eelis,GET,https://keskkonnaandmed.envir.ee/f_veekogud_yrg?limit=1,json,openapi,False,True,via PostgREST root,200,,,
f-veekogumi-seisundid,EELIS,eelis,GET,https://keskkonnaandmed.envir.ee/f_veekogumi_seisundid?limit=1,json,openapi,False,True,via PostgREST root,200,,,
f-veekogumi-seisundid-kese-seirejaam,EELIS,eelis,GET,https://keskkonnaandmed.envir.ee/f_veekogumi_seisundid_kese_seirejaam?limit=1,json,openapi,False,True,via PostgREST root,200,,,
f-veekogumi-seisundid-ose-seirejaam,EELIS,eelis,GET,https://keskkonnaandmed.envir.ee/f_veekogumi_seisundid_ose_seirejaam?limit=1,json,openapi,False,True,via PostgREST root,200,,,
f-veekogumid,EELIS,eelis,GET,https://keskkonnaandmed.envir.ee/f_veekogumid?limit=1,json,openapi,False,True,via PostgREST root,200,,,
f-veekogumid-eelnev,EELIS,eelis,GET,https://keskkonnaandmed.envir.ee/f_veekogumid_eelnev?limit=1,json,openapi,False,True,via PostgREST root,200,,,
f-veekogumid-hks-koondseis,EELIS,eelis,GET,https://keskkonnaandmed.envir.ee/f_veekogumid_hks_koondseis?limit=1,json,openapi,False,True,via PostgREST root,200,,,
f-veekogumid-hks-siht,EELIS,eelis,GET,https://keskkonnaandmed.envir.ee/f_veekogumid_hks_siht?limit=1,json,openapi,False,True,via PostgREST root,200,,,
f-veekogumid-jargnev,EELIS,eelis,GET,https://keskkonnaandmed.envir.ee/f_veekogumid_jargnev?limit=1,json,openapi,False,True,via PostgREST root,200,,,
f-veekogumid-jvv-veekogu,EELIS,eelis,GET,https://keskkonnaandmed.envir.ee/f_veekogumid_jvv_veekogu?limit=1,json,openapi,False,True,via PostgREST root,200,,,
f-veekogumid-kandealus,EELIS,eelis,GET,https://keskkonnaandmed.envir.ee/f_veekogumid_kandealus?limit=1,json,openapi,False,True,via PostgREST root,200,,,
f-veekogumid-kirjandus,EELIS,eelis,GET,https://keskkonnaandmed.envir.ee/f_veekogumid_kirjandus?limit=1,json,openapi,False,True,via PostgREST root,200,,,
f-veekogumid-koormus,EELIS,eelis,GET,https://keskkonnaandmed.envir.ee/f_veekogumid_koormus?limit=1,json,openapi,False,True,via PostgREST root,200,,,
f-veekogumid-naitaja,EELIS,eelis,GET,https://keskkonnaandmed.envir.ee/f_veekogumid_naitaja?limit=1,json,openapi,False,True,via PostgREST root,200,,,
f-veekogumid-pais,EELIS,eelis,GET,https://keskkonnaandmed.envir.ee/f_veekogumid_pais?limit=1,json,openapi,False,True,via PostgREST root,200,,,
f-veekogumid-pohjaveekogum,EELIS,eelis,GET,https://keskkonnaandmed.envir.ee/f_veekogumid_pohjaveekogum?limit=1,json,openapi,False,True,via PostgREST root,200,,,
f-veekogumid-veehaare,EELIS,eelis,GET,https://keskkonnaandmed.envir.ee/f_veekogumid_veehaare?limit=1,json,openapi,False,True,via PostgREST root,200,,,
f-veekogumid-veekogu,EELIS,eelis,GET,https://keskkonnaandmed.envir.ee/f_veekogumid_veekogu?limit=1,json,openapi,False,True,via PostgREST root,200,,,
f-veekogumid-veekogum-seis,EELIS,eelis,GET,https://keskkonnaandmed.envir.ee/f_veekogumid_veekogum_seis?limit=1,json,openapi,False,True,via PostgREST root,200,,,
f-veekogumid-veelase,EELIS,eelis,GET,https://keskkonnaandmed.envir.ee/f_veekogumid_veelase?limit=1,json,openapi,False,True,via PostgREST root,200,,,
f-veekogumid-vesikond,EELIS,eelis,GET,https://keskkonnaandmed.envir.ee/f_veekogumid_vesikond?limit=1,json,openapi,False,True,via PostgREST root,200,,,
f-veekogumid-vesiviljelus,EELIS,eelis,GET,https://keskkonnaandmed.envir.ee/f_veekogumid_vesiviljelus?limit=1,json,openapi,False,True,via PostgREST root,200,,,
f-veelaskmed,EELIS,eelis,GET,https://keskkonnaandmed.envir.ee/f_veelaskmed?limit=1,json,openapi,False,True,via PostgREST root,200,,,
f-veelaskmed-ehak,EELIS,eelis,GET,https://keskkonnaandmed.envir.ee/f_veelaskmed_ehak?limit=1,json,openapi,False,True,via PostgREST root,200,,,
f-veelaskmed-kandealus,EELIS,eelis,GET,https://keskkonnaandmed.envir.ee/f_veelaskmed_kandealus?limit=1,json,openapi,False,True,via PostgREST root,200,,,
f-veelaskmed-veekogum,EELIS,eelis,GET,https://keskkonnaandmed.envir.ee/f_veelaskmed_veekogum?limit=1,json,openapi,False,True,via PostgREST root,200,,,
f-veelaskmed-veekogum-seis,EELIS,eelis,GET,https://keskkonnaandmed.envir.ee/f_veelaskmed_veekogum_seis?limit=1,json,openapi,False,True,via PostgREST root,200,,,
f-veelaskmed-vesikond,EELIS,eelis,GET,https://keskkonnaandmed.envir.ee/f_veelaskmed_vesikond?limit=1,json,openapi,False,True,via PostgREST root,200,,,
f-veenaitajad-w10-w1-public,EELIS,eelis,GET,https://keskkonnaandmed.envir.ee/f_veenaitajad_W10_W1_public?limit=1,json,openapi,False,True,via PostgREST root,200,,,
f-vepid,EELIS,eelis,GET,https://keskkonnaandmed.envir.ee/f_vepid?limit=1,json,openapi,False,True,via PostgREST root,200,,,
f-vepid-dok,EELIS,eelis,GET,https://keskkonnaandmed.envir.ee/f_vepid_dok?limit=1,json,openapi,False,True,via PostgREST root,200,,,
f-vepid-ehak,EELIS,eelis,GET,https://keskkonnaandmed.envir.ee/f_vepid_ehak?limit=1,json,openapi,False,True,via PostgREST root,200,,,
f-vepid-kandealus,EELIS,eelis,GET,https://keskkonnaandmed.envir.ee/f_vepid_kandealus?limit=1,json,openapi,False,True,via PostgREST root,200,,,
f-vepid-majandamine,EELIS,eelis,GET,https://keskkonnaandmed.envir.ee/f_vepid_majandamine?limit=1,json,openapi,False,True,via PostgREST root,200,,,
f-vepid-mojutegur,EELIS,eelis,GET,https://keskkonnaandmed.envir.ee/f_vepid_mojutegur?limit=1,json,openapi,False,True,via PostgREST root,200,,,
f-vepid-tunnus,EELIS,eelis,GET,https://keskkonnaandmed.envir.ee/f_vepid_tunnus?limit=1,json,openapi,False,True,via PostgREST root,200,,,
f-yrgid,EELIS,eelis,GET,https://keskkonnaandmed.envir.ee/f_yrgid?limit=1,json,openapi,False,True,via PostgREST root,200,,,
f-yrgid-ala,EELIS,eelis,GET,https://keskkonnaandmed.envir.ee/f_yrgid_ala?limit=1,json,openapi,False,True,via PostgREST root,200,,,
f-yrgid-ehak,EELIS,eelis,GET,https://keskkonnaandmed.envir.ee/f_yrgid_ehak?limit=1,json,openapi,False,True,via PostgREST root,200,,,
f-yrgid-kandealus,EELIS,eelis,GET,https://keskkonnaandmed.envir.ee/f_yrgid_kandealus?limit=1,json,openapi,False,True,via PostgREST root,200,,,
f-yrgid-veekogu,EELIS,eelis,GET,https://keskkonnaandmed.envir.ee/f_yrgid_veekogu?limit=1,json,openapi,False,True,via PostgREST root,200,,,
hydroseire,Hüdroloogia,,GET,https://keskkonnaandmed.envir.ee/f_hydroseire?timeline_ts_utc=lt.2023-01-02T03:00:00&timeline_ts_utc=gt.2023-01-01T23:00:00&aegrida_nimi=eq.WL%20min&limit=5,json,manual,True,True,via PostgREST root,200,,,
ilmateenistus-hoiatused-rss,Ilmateenistus,,GET,https://ilmateenistus.ee/ilma_andmed/rss/hoiatused_rss.php,xml,teabevarav,False,True,jah,200,application/xml; charset=utf-8,263,
ilmateenistus-hoiatused-xml,Ilmateenistus,,GET,https://ilmateenistus.ee/ilma_andmed/xml/hoiatus.php,xml,teabevarav,False,True,jah,200,application/xml; charset=utf-8,51,
ilmateenistus-juur,Ilmateenistus,,GET,https://www.ilmateenistus.ee/,any,teabevarav,False,True,,,,,
ilmateenistus-prognoos-xml,Ilmateenistus,,GET,https://ilmateenistus.ee/ilma_andmed/xml/forecast.php,xml,teabevarav,False,True,jah,200,text/xml;charset=UTF-8,6798,
ilmateenistus-vaatlusandmed-xml,Ilmateenistus,,GET,https://ilmateenistus.ee/ilma_andmed/xml/observations.php,xml,teabevarav,False,True,jah,200,text/xml; charset=UTF-8,124980,
kaia-items-query,KAIA,,POST,https://avaandmed.keskkonnaportaal.ee/api/lists/active/items/query,json,manual,True,True,,,,,
kaia-lists-active,KAIA,,GET,https://avaandmed.keskkonnaportaal.ee/api/lists/active,json,manual,True,True,jah,200,application/json; charset=utf-8,48445,
kaia-lists-archive,KAIA,,GET,https://avaandmed.keskkonnaportaal.ee/api/lists/archive,json,manual,True,True,jah,200,application/json; charset=utf-8,48454,
kaia-swagger,KAIA,,GET,https://avaandmed.keskkonnaportaal.ee/swagger/v1/swagger.json,json,manual,True,True,jah,200,application/json;charset=utf-8,35817,
kaia-vaade-07c1e468,KAIA,kaia-vaated,GET,https://avaandmed.keskkonnaportaal.ee/dhs/Active/documentList.aspx?ViewId=07c1e468-9f8a-4094-b3ba-e3bdf28e581e,any,teabevarav,False,True,,,,,
kaia-vaade-319c5400,KAIA,kaia-vaated,GET,https://avaandmed.keskkonnaportaal.ee/dhs/Active/documentList.aspx?ViewId=319c5400-af7c-43cc-ba6e-94428d1dbc2a,any,teabevarav,False,True,,,,,
kaia-vaade-40a63be9,KAIA,kaia-vaated,GET,https://avaandmed.keskkonnaportaal.ee/dhs/Active/documentList.aspx?ViewId=40a63be9-52d3-4833-b9f6-1d6617a8fff5,any,teabevarav,False,True,,,,,
kaia-vaade-46df5d4a,KAIA,kaia-vaated,GET,https://avaandmed.keskkonnaportaal.ee/dhs/Active/documentList.aspx?ViewId=46df5d4a-8d5c-4509-b962-45f63ba7b636,any,teabevarav,False,True,,,,,
kaia-vaade-b92201f4,KAIA,kaia-vaated,GET,https://avaandmed.keskkonnaportaal.ee/dhs/Active/documentList.aspx?ViewId=b92201f4-8b48-4d3a-b410-30c8ce4016d5,any,teabevarav,False,True,,,,,
kaia-vaade-c2ea43b7,KAIA,kaia-vaated,GET,https://avaandmed.keskkonnaportaal.ee/dhs/Active/documentList.aspx?ViewId=c2ea43b7-09c4-4afb-b955-aa5862e46c0f,any,teabevarav,False,True,,,,,
kaia-vaade-f1214f22,KAIA,kaia-vaated,GET,https://avaandmed.keskkonnaportaal.ee/dhs/Active/documentList.aspx?ViewId=f1214f22-766c-43ce-bb32-778a076abe6a,any,teabevarav,False,True,,,,,
kese-juur,Keskkonnaseire infosüsteem,,GET,https://kese.envir.ee,any,teabevarav,False,True,,,,,
keskkonnaandmed-root,Keskkonnaandmed,,GET,https://keskkonnaandmed.envir.ee,json,manual,True,True,via PostgREST root,200,,,
keskkonnaseire,Keskkonnaseire,,GET,"https://keskkonnaandmed.envir.ee/f_keskkonnaseire?seiretoo_seotud_programmi_kood_iv=eq.PR0127&seireaeg_algus=gte.2021-01-01T00:00:00&seireaeg_algus=lt.2022-01-01T00:00:00&naitaja_nimetus=in.(Kloriid,%C3%9Cldraud,Vee%20temperatuur,Elavh%C3%B5be,PAH%20summa)&limit=5",json,manual,True,True,via PostgREST root,200,,,
kliima-element,Kliima,,GET,https://keskkonnaandmed.envir.ee/f_kliima_element,json,manual,True,True,via PostgREST root,200,,,
kliima-jaam-vaatlus,Kliima,,GET,https://keskkonnaandmed.envir.ee/f_kliima_jaam_vaatlus?limit=1,json,manual,True,True,via PostgREST root,200,,,
kliima-kuu,Kliima,,GET,https://keskkonnaandmed.envir.ee/f_kliima_kuu?limit=1,json,manual,True,True,via PostgREST root,200,,,
kliima-minut,Kliima,,GET,https://keskkonnaandmed.envir.ee/f_kliima_minut?limit=1,json,manual,True,True,via PostgREST root,200,,,
kliima-paev,Kliima,,GET,"https://keskkonnaandmed.envir.ee/f_kliima_paev?aasta=eq.2023&kuu=gt.10&paev=lt.8&element_kood=eq.DRH08&jaam_kood=in.(AJRUHN01,AJKIHN01)&limit=5",json,manual,True,True,via PostgREST root,200,,,
kliima-paev-nimefilter,Kliima,,GET,"https://keskkonnaandmed.envir.ee/f_kliima_paev?jaam_nimi=like.V%C3%B5ru&aasta=eq.2006&element_kood=like.DTA08&order=kuu.asc,paev.asc&limit=5",json,manual,True,True,via PostgREST root,200,,,
kliima-tund,Kliima,,GET,https://keskkonnaandmed.envir.ee/f_kliima_tund?limit=1,json,manual,True,True,via PostgREST root,200,,,
kotkas-aastaaruanded,KOTKAS,,GET,https://kotkas.envir.ee/annual_reports_registry,any,teabevarav,False,False,,,,,
kytus-bunkering-company,Kütuseseire,,GET,https://kytus.envir.ee/bunkering-company/itemlist,any,teabevarav,False,True,,,,,
kytus-monitoring,Kütuseseire,,GET,https://kytus.envir.ee/monitoring/itemlist,any,teabevarav,False,True,,,,,
kytus-source-of-pollution,Kütuseseire,,GET,https://kytus.envir.ee/source-of-pollution/itemlist,any,teabevarav,False,True,,,,,
pakis-opendata,Pakendiregister,,GET,https://pakis.envir.ee/pakis/main/opendata,any,teabevarav,False,True,,,,,
proto-opendata,Probleemtooteregister,,GET,https://proto.envir.ee/proto/main/opendata,any,teabevarav,False,True,,,,,
