host,workbook,view,csv_url,status,content_type,bytes,truncated,rows,n_columns,error
public.tableau.com,KaitstavatejaNaturaaladeavalikvaade,Kaitstavadalad,https://public.tableau.com/views/KaitstavatejaNaturaaladeavalikvaade/Kaitstavadalad.csv,404,text/html; charset=utf-8,0,,,,HTTP Error 404: Not Found
public.tableau.com,Keskkonnalevaade-Energeetika-Elektrienergiahulk,Elektrienergiahulk,https://public.tableau.com/views/Keskkonnalevaade-Energeetika-Elektrienergiahulk/Elektrienergiahulk.csv,404,text/html; charset=utf-8,0,,,,HTTP Error 404: Not Found
public.tableau.com,Keskkonnalevaade-Energeetika-Taastuvenergiaosakaal,Taastuvenergiaosakaal,https://public.tableau.com/views/Keskkonnalevaade-Energeetika-Taastuvenergiaosakaal/Taastuvenergiaosakaal.csv,404,text/html; charset=utf-8,0,,,,HTTP Error 404: Not Found
public.tableau.com,Keskkonnalevaade-Ilmajakliima-IlmjakliimaKHG2024,IlmajakliimaKHG2024,https://public.tableau.com/views/Keskkonnalevaade-Ilmajakliima-IlmjakliimaKHG2024/IlmajakliimaKHG2024.csv,404,text/html; charset=utf-8,0,,,,HTTP Error 404: Not Found
public.tableau.com,Keskkonnalevaade-Ilmjakliima-IlmjakliimaKlm_kuum,KuumKlmdashAvalik,https://public.tableau.com/views/Keskkonnalevaade-Ilmjakliima-IlmjakliimaKlm_kuum/KuumKlmdashAvalik.csv,404,text/html; charset=utf-8,0,,,,HTTP Error 404: Not Found
public.tableau.com,Keskkonnalevaade-Ilmjakliima-Ilmjakliimaanomaaliad,AnomaaliaddashAvalik,https://public.tableau.com/views/Keskkonnalevaade-Ilmjakliima-Ilmjakliimaanomaaliad/AnomaaliaddashAvalik.csv,404,text/html; charset=utf-8,0,,,,HTTP Error 404: Not Found
public.tableau.com,Keskkonnalevaade-Ilmjakliima-Keskmineaastahutemperatuur,estnormtempAvalik,https://public.tableau.com/views/Keskkonnalevaade-Ilmjakliima-Keskmineaastahutemperatuur/estnormtempAvalik.csv,404,text/html; charset=utf-8,0,,,,HTTP Error 404: Not Found
public.tableau.com,Keskkonnalevaade-Jtmed-JtmedjaSKP,EestijtmedvsSKP,https://public.tableau.com/views/Keskkonnalevaade-Jtmed-JtmedjaSKP/EestijtmedvsSKP.csv,404,text/html; charset=utf-8,0,,,,HTTP Error 404: Not Found
public.tableau.com,Keskkonnalevaade-Jtmed-Kogujtmetekevaldkonniti,Jtmevaldkonnad,https://public.tableau.com/views/Keskkonnalevaade-Jtmed-Kogujtmetekevaldkonniti/Jtmevaldkonnad.csv,404,text/html; charset=utf-8,0,,,,HTTP Error 404: Not Found
public.tableau.com,Keskkonnalevaade-Jtmed-Olmejtmed,Olmejtmed_1,https://public.tableau.com/views/Keskkonnalevaade-Jtmed-Olmejtmed/Olmejtmed_1.csv,404,text/html; charset=utf-8,0,,,,HTTP Error 404: Not Found
public.tableau.com,Keskkonnalevaade-Jtmed-Ringlevamaterjalimr,Ringlevamaterjalimr_1,https://public.tableau.com/views/Keskkonnalevaade-Jtmed-Ringlevamaterjalimr/Ringlevamaterjalimr_1.csv,404,text/html; charset=utf-8,0,,,,HTTP Error 404: Not Found
public.tableau.com,Keskkonnalevaade-Liigid-Liikideseisund,Liikideseisund,https://public.tableau.com/views/Keskkonnalevaade-Liigid-Liikideseisund/Liikideseisund.csv,404,text/html; charset=utf-8,0,,,,HTTP Error 404: Not Found
public.tableau.com,Keskkonnalevaade-Liigid-Lindudeindeks,Lindudeindeks_1,https://public.tableau.com/views/Keskkonnalevaade-Liigid-Lindudeindeks/Lindudeindeks_1.csv,404,text/html; charset=utf-8,0,,,,HTTP Error 404: Not Found
public.tableau.com,Keskkonnalevaade-Liigid-Punasenimestikuliigid,Punasenimestikuliigid,https://public.tableau.com/views/Keskkonnalevaade-Liigid-Punasenimestikuliigid/Punasenimestikuliigid.csv,404,text/html; charset=utf-8,0,,,,HTTP Error 404: Not Found
public.tableau.com,Keskkonnalevaade-Liigid-Suurkiskjatearvukus,Suurkiskjatearvukus,https://public.tableau.com/views/Keskkonnalevaade-Liigid-Suurkiskjatearvukus/Suurkiskjatearvukus.csv,404,text/html; charset=utf-8,0,,,,HTTP Error 404: Not Found
public.tableau.com,Keskkonnalevaade-Maahive-Mahepllumajanduseosakaal,Mahepllumajandusmaaosakaaldashboard,https://public.tableau.com/views/Keskkonnalevaade-Maahive-Mahepllumajanduseosakaal/Mahepllumajandusmaaosakaaldashboard.csv,404,text/html; charset=utf-8,0,,,,HTTP Error 404: Not Found
public.tableau.com,Keskkonnalevaade-Maahive-PllumuldadePh,pHkaart4,https://public.tableau.com/views/Keskkonnalevaade-Maahive-PllumuldadePh/pHkaart4.csv,404,text/html; charset=utf-8,0,,,,HTTP Error 404: Not Found
public.tableau.com,Keskkonnalevaade-Mets-Lehtpuu_Okaspuu,MetsLehtpuuokaspuu,https://public.tableau.com/views/Keskkonnalevaade-Mets-Lehtpuu_Okaspuu/MetsLehtpuuokaspuu.csv,404,text/html; charset=utf-8,0,,,,HTTP Error 404: Not Found
public.tableau.com,Keskkonnalevaade-Mets-Metsamaapindala,MetsMetsamaapindala,https://public.tableau.com/views/Keskkonnalevaade-Mets-Metsamaapindala/MetsMetsamaapindala.csv,404,text/html; charset=utf-8,0,,,,HTTP Error 404: Not Found
public.tableau.com,Keskkonnalevaade-Mets-Raiemahud,MetsRaie,https://public.tableau.com/views/Keskkonnalevaade-Mets-Raiemahud/MetsRaie.csv,404,text/html; charset=utf-8,0,,,,HTTP Error 404: Not Found
public.tableau.com,Keskkonnalevaade-Mets-raskid,MetsKuuse-kooreraskid,https://public.tableau.com/views/Keskkonnalevaade-Mets-raskid/MetsKuuse-kooreraskid.csv,404,text/html; charset=utf-8,0,,,,HTTP Error 404: Not Found
public.tableau.com,Keskkonnalevaade-Vesi-Eutrofeerumine,G3avalik,https://public.tableau.com/views/Keskkonnalevaade-Vesi-Eutrofeerumine/G3avalik.csv,404,text/html; charset=utf-8,0,,,,HTTP Error 404: Not Found
public.tableau.com,Keskkonnalevaade-Vesi-NO3phjavees,G6avalik,https://public.tableau.com/views/Keskkonnalevaade-Vesi-NO3phjavees/G6avalik.csv,404,text/html; charset=utf-8,0,,,,HTTP Error 404: Not Found
public.tableau.com,Keskkonnalevaade-Vesi-Phjaveekogumitekoondseisund,G2avalik,https://public.tableau.com/views/Keskkonnalevaade-Vesi-Phjaveekogumitekoondseisund/G2avalik.csv,404,text/html; charset=utf-8,0,,,,HTTP Error 404: Not Found
public.tableau.com,Keskkonnalevaade-Vesi-Pinnaveekogumitekoondseisund,G1avalik,https://public.tableau.com/views/Keskkonnalevaade-Vesi-Pinnaveekogumitekoondseisund/G1avalik.csv,404,text/html; charset=utf-8,0,,,,HTTP Error 404: Not Found
public.tableau.com,Keskkonnalevaade-Vesi-Reostuskoormusedmerre,ldfosfor,https://public.tableau.com/views/Keskkonnalevaade-Vesi-Reostuskoormusedmerre/ldfosfor.csv,404,text/html; charset=utf-8,0,,,,HTTP Error 404: Not Found
public.tableau.com,Keskkonnalevaade-Vesi-Veekasutus,G4avalik,https://public.tableau.com/views/Keskkonnalevaade-Vesi-Veekasutus/G4avalik.csv,404,text/html; charset=utf-8,0,,,,HTTP Error 404: Not Found
public.tableau.com,Keskkonnalevaade-hk-Peamisedheiteallikad,Graafik3,https://public.tableau.com/views/Keskkonnalevaade-hk-Peamisedheiteallikad/Graafik3.csv,404,text/html; charset=utf-8,0,,,,HTTP Error 404: Not Found
public.tableau.com,Keskkonnalevaade-hk-Peamistesaasteaineteheitkogused,Graafik12,https://public.tableau.com/views/Keskkonnalevaade-hk-Peamistesaasteaineteheitkogused/Graafik12.csv,404,text/html; charset=utf-8,0,,,,HTTP Error 404: Not Found
public.tableau.com,Keskkonnalevaade-hk-husaastetervisemju,Graafik2,https://public.tableau.com/views/Keskkonnalevaade-hk-husaastetervisemju/Graafik2.csv,404,text/html; charset=utf-8,0,,,,HTTP Error 404: Not Found
public.tableau.com,Keskkonnalevaade-kossteemid-kohvedjasidusus,Hvedvssidusus,https://public.tableau.com/views/Keskkonnalevaade-kossteemid-kohvedjasidusus/Hvedvssidusus.csv,404,text/html; charset=utf-8,0,,,,HTTP Error 404: Not Found
public.tableau.com,RKSP-Hdroloogilineseire,Hdro,https://public.tableau.com/views/RKSP-Hdroloogilineseire/Hdro.csv,404,text/html; charset=utf-8,0,,,,HTTP Error 404: Not Found
public.tableau.com,RKSP-Kiirgusseire,Gammakiirgus,https://public.tableau.com/views/RKSP-Kiirgusseire/Gammakiirgus.csv,404,text/html; charset=utf-8,0,,,,HTTP Error 404: Not Found
public.tableau.com,RKSP-Kompleksseire,Kompleksseire,https://public.tableau.com/views/RKSP-Kompleksseire/Kompleksseire.csv,404,text/html; charset=utf-8,0,,,,HTTP Error 404: Not Found
public.tableau.com,RKSP-Metsaseire,Okka-jalehekadupuudel,https://public.tableau.com/views/RKSP-Metsaseire/Okka-jalehekadupuudel.csv,404,text/html; charset=utf-8,0,,,,HTTP Error 404: Not Found
public.tableau.com,RKSP-Mullaseire,Raskemetallidmullas,https://public.tableau.com/views/RKSP-Mullaseire/Raskemetallidmullas.csv,404,text/html; charset=utf-8,0,,,,HTTP Error 404: Not Found
public.tableau.com,RKSP-Vlishuseire,Vlishk,https://public.tableau.com/views/RKSP-Vlishuseire/Vlishk.csv,404,text/html; charset=utf-8,0,,,,HTTP Error 404: Not Found
public.tableau.com,RKSP-meteoroloogilineseire,Meteo,https://public.tableau.com/views/RKSP-meteoroloogilineseire/Meteo.csv,404,text/html; charset=utf-8,0,,,,HTTP Error 404: Not Found
public.tableau.com,Rohemdikud-Elurikkus-detail-elurikkus-LoodusdirektiivielupaigatpideseisundEestisjaEuroopaLiidus,LoodusdirektiivielupaigatpideseisundEestisjaEuroopaLiidus,https://public.tableau.com/views/Rohemdikud-Elurikkus-detail-elurikkus-LoodusdirektiivielupaigatpideseisundEestisjaEuroopaLiidus/LoodusdirektiivielupaigatpideseisundEestisjaEuroopaLiidus.csv,404,text/html; charset=utf-8,0,,,,HTTP Error 404: Not Found
public.tableau.com,Rohemdikud-Energeetika-detail-energeetika-Energeetikasektorikasvuhoonegaasideheitkogused,Energeetikasektorikasvuhoonegaasideheitkogused,https://public.tableau.com/views/Rohemdikud-Energeetika-detail-energeetika-Energeetikasektorikasvuhoonegaasideheitkogused/Energeetikasektorikasvuhoonegaasideheitkogused.csv,404,text/html; charset=utf-8,0,,,,HTTP Error 404: Not Found
public.tableau.com,Rohemdikud-Kliimamuutused-detail-kliimamuutused-Kasvuhoonegaasideheitkogused,Kasvuhoonegaasideheitkogused,https://public.tableau.com/views/Rohemdikud-Kliimamuutused-detail-kliimamuutused-Kasvuhoonegaasideheitkogused/Kasvuhoonegaasideheitkogused.csv,404,text/html; charset=utf-8,0,,,,HTTP Error 404: Not Found
public.tableau.com,Tuuleenergeetika,Tuul,https://public.tableau.com/views/Tuuleenergeetika/Tuul.csv,404,text/html; charset=utf-8,0,,,,HTTP Error 404: Not Found
public.tableau.com,ZB37GT9CT,(ei tuvastatud),https://public.tableau.com/shared/ZB37GT9CT.csv,404,,0,,,,HTTP Error 404: 
public.tableau.com,rngastamised-avalik,Eestirngastamised,https://public.tableau.com/views/rngastamised-avalik/Eestirngastamised.csv,404,text/html; charset=utf-8,0,,,,HTTP Error 404: Not Found
tableau.envir.ee,Kultiveerimismaterjal,Kultiveerimismaterjaljoonis,https://tableau.envir.ee/views/Kultiveerimismaterjal/Kultiveerimismaterjaljoonis.csv,200,text/csv,10,,1,1,
tableau.envir.ee,vaatlusedUTM10ruuduga,Loodusvaatlused,https://tableau.envir.ee/views/vaatlusedUTM10ruuduga/Loodusvaatlused.csv,200,text/csv,73,,1,3,
