workbook,sheet,kind
Jtmearuandlus2004-2011,Jäätmeliik,worksheet
Jtmearuandlus2004-2011,Jäätmeliik (2),worksheet
Jtmearuandlus2004-2011,Jäätmeliik (3),worksheet
Jtmearuandlus2004-2011,Maakonna tasand,dashboard
Jtmearuandlus2004-2011,Omavalitsuse tasand,dashboard
Jtmearuandlus2004-2011,Riigi tasand,dashboard
Jtmearuandlus2012-2019,Jäätmeliik,worksheet
Jtmearuandlus2012-2019,Jäätmeliik (2),worksheet
Jtmearuandlus2012-2019,Jäätmeliik (3),worksheet
Jtmearuandlus2012-2019,Maakonna tasand,dashboard
Jtmearuandlus2012-2019,Omavalitsuse tasand,dashboard
Jtmearuandlus2012-2019,Riigi tasand,dashboard
Jtmearuandlusalates2020,Jäätmeliik,worksheet
Jtmearuandlusalates2020,Jäätmeliik (2),worksheet
Jtmearuandlusalates2020,Jäätmeliik (3),worksheet
Jtmearuandlusalates2020,Maakonna tasand,dashboard
Jtmearuandlusalates2020,Omavalitsuse tasand,dashboard
Jtmearuandlusalates2020,Riigi tasand,dashboard
