host,workbook,view,config_status,bootstrap_status,n_fields,n_sheets,n_datasources,error
public.tableau.com,Asendusmetsastamine,Eestivaade,200,,,,,no tsConfigContainer/sessionid in page
public.tableau.com,Biojtmed,Biojtmed,200,,,,,no tsConfigContainer/sessionid in page
public.tableau.com,Eestikeskminepikespaiste,Pike,200,,,,,no tsConfigContainer/sessionid in page
public.tableau.com,Eestikeskminesademetesumma,Sademed2,200,,,,,no tsConfigContainer/sessionid in page
public.tableau.com,Jtmearuandlus2004-2011,Riigitasand,200,,,,,no tsConfigContainer/sessionid in page
public.tableau.com,Jtmearuandlus2012-2019,Riigitasand,200,,,,,no tsConfigContainer/sessionid in page
public.tableau.com,Jtmearuandlus_KKPjtmeteteemalehtedevaldkonnad_Ehitus-lammutusjtmed,Ehitus-jalammutusjtmetetlaud,200,,,,,no tsConfigContainer/sessionid in page
public.tableau.com,Jtmearuandlus_KKPjtmeteteemalehtedevaldkonnad_Ohtlikudjtmed,Ohtlikudjtmed,200,,,,,no tsConfigContainer/sessionid in page
public.tableau.com,Jtmearuandlus_KKPjtmeteteemalehtedevaldkonnad_Olmejtmed,Tlaud,200,,,,,no tsConfigContainer/sessionid in page
public.tableau.com,Jtmearuandlus_KKPjtmeteteemalehtedevaldkonnad_Pakendijtmed,Pakendijtmed,200,,,,,no tsConfigContainer/sessionid in page
public.tableau.com,Jtmearuandlus_KKPjtmeteteemalehtedevaldkonnad_Probleemtooted,PROTO,200,,,,,no tsConfigContainer/sessionid in page
public.tableau.com,Jtmearuandlus_KKPjtmeteteemalehtedevaldkonnad_ldinelevaade,ldinelevaade,200,,,,,no tsConfigContainer/sessionid in page
public.tableau.com,Jtmearuandlusalates2020,Riigitasand,200,,,,,no tsConfigContainer/sessionid in page
public.tableau.com,KaitstavatejaNaturaaladeavalikvaade,Kaitstavadalad,200,,,,,no tsConfigContainer/sessionid in page
public.tableau.com,Keskkonnalevaade-Energeetika-Elektrienergiahulk,Elektrienergiahulk,200,,,,,no tsConfigContainer/sessionid in page
public.tableau.com,Keskkonnalevaade-Energeetika-Taastuvenergiaosakaal,Taastuvenergiaosakaal,200,,,,,no tsConfigContainer/sessionid in page
public.tableau.com,Keskkonnalevaade-Ilmajakliima-IlmjakliimaKHG2024,IlmajakliimaKHG2024,200,,,,,no tsConfigContainer/sessionid in page
public.tableau.com,Keskkonnalevaade-Ilmjakliima-IlmjakliimaKlm_kuum,KuumKlmdashAvalik,200,,,,,no tsConfigContainer/sessionid in page
public.tableau.com,Keskkonnalevaade-Ilmjakliima-Ilmjakliimaanomaaliad,AnomaaliaddashAvalik,200,,,,,no tsConfigContainer/sessionid in page
public.tableau.com,Keskkonnalevaade-Ilmjakliima-Keskmineaastahutemperatuur,estnormtempAvalik,200,,,,,no tsConfigContainer/sessionid in page
public.tableau.com,Keskkonnalevaade-Jtmed-JtmedjaSKP,EestijtmedvsSKP,200,,,,,no tsConfigContainer/sessionid in page
public.tableau.com,Keskkonnalevaade-Jtmed-Kogujtmetekevaldkonniti,Jtmevaldkonnad,200,,,,,no tsConfigContainer/sessionid in page
public.tableau.com,Keskkonnalevaade-Jtmed-Olmejtmed,Olmejtmed_1,200,,,,,no tsConfigContainer/sessionid in page
public.tableau.com,Keskkonnalevaade-Jtmed-Ringlevamaterjalimr,Ringlevamaterjalimr_1,200,,,,,no tsConfigContainer/sessionid in page
public.tableau.com,Keskkonnalevaade-Liigid-Liikideseisund,Liikideseisund,200,,,,,no tsConfigContainer/sessionid in page
public.tableau.com,Keskkonnalevaade-Liigid-Lindudeindeks,Lindudeindeks_1,200,,,,,no tsConfigContainer/sessionid in page
public.tableau.com,Keskkonnalevaade-Liigid-Punasenimestikuliigid,Punasenimestikuliigid,200,,,,,no tsConfigContainer/sessionid in page
public.tableau.com,Keskkonnalevaade-Liigid-Suurkiskjatearvukus,Suurkiskjatearvukus,200,,,,,no tsConfigContainer/sessionid in page
public.tableau.com,Keskkonnalevaade-Maahive-Maahive,MaahivepindalajaotusKOVdashboard,200,,,,,no tsConfigContainer/sessionid in page
public.tableau.com,Keskkonnalevaade-Maahive-Mahepllumajanduseosakaal,Mahepllumajandusmaaosakaaldashboard,200,,,,,no tsConfigContainer/sessionid in page
public.tableau.com,Keskkonnalevaade-Maahive-PllumuldadePh,pHkaart4,200,,,,,no tsConfigContainer/sessionid in page
public.tableau.com,Keskkonnalevaade-Mets-Kaitstavmets,MetsKaitstus,200,,,,,no tsConfigContainer/sessionid in page
public.tableau.com,Keskkonnalevaade-Mets-Lehtpuu_Okaspuu,MetsLehtpuuokaspuu,200,,,,,no tsConfigContainer/sessionid in page
public.tableau.com,Keskkonnalevaade-Mets-Metsamaapindala,MetsMetsamaapindala,200,,,,,no tsConfigContainer/sessionid in page
public.tableau.com,Keskkonnalevaade-Mets-Raiemahud,MetsRaie,200,,,,,no tsConfigContainer/sessionid in page
public.tableau.com,Keskkonnalevaade-Mets-raskid,MetsKuuse-kooreraskid,200,,,,,no tsConfigContainer/sessionid in page
public.tableau.com,Keskkonnalevaade-Vesi-Eutrofeerumine,G3avalik,200,,,,,no tsConfigContainer/sessionid in page
public.tableau.com,Keskkonnalevaade-Vesi-NO3phjavees,G6avalik,200,,,,,no tsConfigContainer/sessionid in page
public.tableau.com,Keskkonnalevaade-Vesi-Phjaveekogumitekoondseisund,G2avalik,200,,,,,no tsConfigContainer/sessionid in page
public.tableau.com,Keskkonnalevaade-Vesi-Pinnaveekogumitekoondseisund,G1avalik,200,,,,,no tsConfigContainer/sessionid in page
public.tableau.com,Keskkonnalevaade-Vesi-Reostuskoormusedmerre,ldfosfor,200,,,,,no tsConfigContainer/sessionid in page
public.tableau.com,Keskkonnalevaade-Vesi-Veekasutus,G4avalik,200,,,,,no tsConfigContainer/sessionid in page
public.tableau.com,Keskkonnalevaade-hk-Peamisedheiteallikad,Graafik3,200,,,,,no tsConfigContainer/sessionid in page
public.tableau.com,Keskkonnalevaade-hk-Peamistesaasteaineteheitkogused,Graafik12,200,,,,,no tsConfigContainer/sessionid in page
public.tableau.com,Keskkonnalevaade-hk-husaastetervisemju,Graafik2,200,,,,,no tsConfigContainer/sessionid in page
public.tableau.com,Keskkonnalevaade-kossteemid-kohvedjasidusus,Hvedvssidusus,200,,,,,no tsConfigContainer/sessionid in page
public.tableau.com,Keskkonnanitajad-Ulukid-Metsseaarvukus,Metssiga,200,,,,,no tsConfigContainer/sessionid in page
public.tableau.com,Keskkonnanitajad-Vlishk-Vlishupeamistesaasteaineteheitkogused,Heitkogusteinventuur,200,,,,,no tsConfigContainer/sessionid in page
public.tableau.com,Kooreraskid2023,Kuuse-kooreraskid,200,,,,,no tsConfigContainer/sessionid in page
public.tableau.com,Kooreraskid2024,Kuuse-kooreraskid,200,,,,,no tsConfigContainer/sessionid in page
public.tableau.com,Kooreraskid2025,Kuuse-kooreraskid,200,,,,,no tsConfigContainer/sessionid in page
public.tableau.com,Kooreraskid2026,Kuuse-kooreraskid,200,,,,,no tsConfigContainer/sessionid in page
public.tableau.com,Phjaveebilanss,Dashboard2server,200,,,,,no tsConfigContainer/sessionid in page
public.tableau.com,RKSP-Hdroloogilineseire,Hdro,200,,,,,no tsConfigContainer/sessionid in page
public.tableau.com,RKSP-Kiirgusseire,Gammakiirgus,200,,,,,no tsConfigContainer/sessionid in page
public.tableau.com,RKSP-Kompleksseire,Kompleksseire,200,,,,,no tsConfigContainer/sessionid in page
public.tableau.com,RKSP-Metsaseire,Okka-jalehekadupuudel,200,,,,,no tsConfigContainer/sessionid in page
public.tableau.com,RKSP-Mullaseire,Raskemetallidmullas,200,,,,,no tsConfigContainer/sessionid in page
public.tableau.com,RKSP-Vlishuseire,Vlishk,200,,,,,no tsConfigContainer/sessionid in page
public.tableau.com,RKSP-meteoroloogilineseire,Meteo,200,,,,,no tsConfigContainer/sessionid in page
public.tableau.com,Rohemdikud-Elurikkus-detail-elurikkus-LoodusdirektiivielupaigatpideseisundEestisjaEuroopaLiidus,LoodusdirektiivielupaigatpideseisundEestisjaEuroopaLiidus,200,,,,,no tsConfigContainer/sessionid in page
public.tableau.com,Rohemdikud-Energeetika-detail-energeetika-Energeetikasektorikasvuhoonegaasideheitkogused,Energeetikasektorikasvuhoonegaasideheitkogused,200,,,,,no tsConfigContainer/sessionid in page
public.tableau.com,Rohemdikud-Kliimamuutused-detail-kliimamuutused-Kasvuhoonegaasideheitkogused,Kasvuhoonegaasideheitkogused,200,,,,,no tsConfigContainer/sessionid in page
public.tableau.com,Tuuleenergeetika,Tuul,200,,,,,no tsConfigContainer/sessionid in page
public.tableau.com,Vlishk-Heitkogused-Heitkogusteinventuur,Heitkogusteinventuur,200,,,,,no tsConfigContainer/sessionid in page
public.tableau.com,Vlishk-Heitkogused-Heitkogustelevaade,Heitkogused_ld,200,,,,,no tsConfigContainer/sessionid in page
public.tableau.com,Vlishk-Heitkogused-NECeesmrgid,NECeesmrgid,200,,,,,no tsConfigContainer/sessionid in page
public.tableau.com,Vlishk-Heitkogused-Tegevusaladeheidemullid,Tegevusaladeheidemullid,200,,,,,no tsConfigContainer/sessionid in page
public.tableau.com,Vlishk-Heitkogusedheiteallikatekaupa,Heitkogusedheitellikatekaupa,200,,,,,no tsConfigContainer/sessionid in page
public.tableau.com,Vlishk-Keskkonnakaitselubaomavateheiteallikateheitkogused,Kaardiga_loplik,200,,,,,no tsConfigContainer/sessionid in page
public.tableau.com,Vlishk-Ktuseseiretulemused,Ktuseseiretulemused2022,200,,,,,no tsConfigContainer/sessionid in page
public.tableau.com,ZB37GT9CT,(ei tuvastatud),,,,,,view name unknown (shared link)
public.tableau.com,rngastamised-avalik,Eestirngastamised,200,,,,,no tsConfigContainer/sessionid in page
tableau.envir.ee,Kultiveerimismaterjal,Kultiveerimismaterjaljoonis,200,,,,,no tsConfigContainer/sessionid in page
tableau.envir.ee,vaatlusedUTM10ruuduga,Loodusvaatlused,200,,,,,no tsConfigContainer/sessionid in page
