group,page_url,host,workbook,view,title,tehnoloogia,omanik,allikas,leitud_crawlis
Iseseisev,https://keskkonnaportaal.ee/et/tuuleenergeetika-voimsus-eestis,public.tableau.com,Tuuleenergeetika,Tuul,Tuuleenergeetika võimsus Eestis,Tableau Public,KAUR,inventar,
Iseseisev,https://keskkonnaportaal.ee/et/natura-2000-ja-kaitstavad-alad,public.tableau.com,KaitstavatejaNaturaaladeavalikvaade,Kaitstavadalad,Kaitstavad alad / Natura 2000,Tableau Public,KAUR,inventar,
Iseseisev,https://keskkonnaportaal.ee/r%C3%B5ngastusstatistika,public.tableau.com,rngastamised-avalik,Eestirngastamised,Eesti rõngastamised,Tableau Public,KAUR,inventar,
Iseseisev,https://keskkonnaportaal.ee/et/liigivaatluste-levikukaardid,tableau.envir.ee,vaatlusedUTM10ruuduga,Loodusvaatlused,Liigivaatluste levikukaardid,Tableau Server,KAUR,inventar,
Seire,https://keskkonnaportaal.ee/et/meteoroloogilise-seire-tulemuste-ulevaade,public.tableau.com,RKSP-meteoroloogilineseire,Meteo,Meteoroloogiline seire,Tableau Public,KAUR,inventar,
Seire,https://keskkonnaportaal.ee/et/hudroloogilise-seire-tulemuste-ulevaade,public.tableau.com,RKSP-Hdroloogilineseire,Hdro,Hüdroloogiline seire,Tableau Public,KAUR,inventar,
Seire,https://keskkonnaportaal.ee/et/metsaseire-tulemuste-ulevaade,public.tableau.com,RKSP-Metsaseire,Okka-jalehekadupuudel,Metsaseire,Tableau Public,KAUR,inventar,
Seire,https://keskkonnaportaal.ee/et/valisohu-seire-tulemuste-ulevaade,public.tableau.com,RKSP-Vlishuseire,Vlishk,Välisõhu seire,Tableau Public,KAUR,inventar,
Seire,https://keskkonnaportaal.ee/et/kiirgusseire-tulemuste-ulevaade,public.tableau.com,RKSP-Kiirgusseire,Gammakiirgus,Kiirgusseire,Tableau Public,KAUR,inventar,
Seire,https://keskkonnaportaal.ee/et/kompleksseire-tulemuste-ulevaade,public.tableau.com,RKSP-Kompleksseire,Kompleksseire,Kompleksseire,Tableau Public,KAUR,inventar,
Seire,https://keskkonnaportaal.ee/et/mullaseire-tulemuste-ulevaade,public.tableau.com,RKSP-Mullaseire,Raskemetallidmullas,Mullaseire,Tableau Public,KAUR,inventar,
Keskkonnaülevaade: mets,https://keskkonnaportaal.ee/et/keskkonnaulevaade/keskkonnaulevaade-mets,public.tableau.com,Keskkonnalevaade-Mets-Metsamaapindala,MetsMetsamaapindala,Metsamaa pindala,Tableau Public,KAUR,inventar,
Keskkonnaülevaade: mets,https://keskkonnaportaal.ee/et/keskkonnaulevaade/keskkonnaulevaade-mets,public.tableau.com,Keskkonnalevaade-Mets-Lehtpuu_Okaspuu,MetsLehtpuuokaspuu,Lehtpuu/okaspuu,Tableau Public,KAUR,inventar,
Keskkonnaülevaade: mets,https://keskkonnaportaal.ee/et/keskkonnaulevaade/keskkonnaulevaade-mets,public.tableau.com,Keskkonnalevaade-Mets-raskid,MetsKuuse-kooreraskid,Kuuse-kooreüraskid,Tableau Public,KAUR,inventar,
Keskkonnaülevaade: mets,https://keskkonnaportaal.ee/et/keskkonnaulevaade/keskkonnaulevaade-mets,public.tableau.com,Keskkonnalevaade-Mets-Raiemahud,MetsRaie,Raie,Tableau Public,KAUR,inventar,
Keskkonnaülevaade: ilm ja kliima,https://keskkonnaportaal.ee/et/keskkonnaulevaade/keskkonnaulevaade-ilm-ja-kliima,public.tableau.com,Keskkonnalevaade-Ilmjakliima-Ilmjakliimaanomaaliad,AnomaaliaddashAvalik,Anomaaliad,Tableau Public,KAUR,inventar,
Keskkonnaülevaade: ilm ja kliima,https://keskkonnaportaal.ee/et/keskkonnaulevaade/keskkonnaulevaade-ilm-ja-kliima,public.tableau.com,Keskkonnalevaade-Ilmjakliima-Keskmineaastahutemperatuur,estnormtempAvalik,Keskmine aastane temperatuur,Tableau Public,KAUR,inventar,
Keskkonnaülevaade: ilm ja kliima,https://keskkonnaportaal.ee/et/keskkonnaulevaade/keskkonnaulevaade-ilm-ja-kliima,public.tableau.com,Keskkonnalevaade-Ilmjakliima-IlmjakliimaKlm_kuum,KuumKlmdashAvalik,Kuum/külm,Tableau Public,KAUR,inventar,
Keskkonnaülevaade: ilm ja kliima,https://keskkonnaportaal.ee/et/keskkonnaulevaade/keskkonnaulevaade-ilm-ja-kliima,public.tableau.com,Rohemdikud-Kliimamuutused-detail-kliimamuutused-Kasvuhoonegaasideheitkogused,Kasvuhoonegaasideheitkogused,Kasvuhoonegaaside heitkogused,Tableau Public,KAUR,inventar,
Keskkonnaülevaade: ilm ja kliima,https://keskkonnaportaal.ee/et/keskkonnaulevaade/keskkonnaulevaade-ilm-ja-kliima,public.tableau.com,Keskkonnalevaade-Ilmajakliima-IlmjakliimaKHG2024,IlmajakliimaKHG2024,KHG 2024,Tableau Public,KAUR,inventar,
Keskkonnaülevaade: ökosüsteemid,https://keskkonnaportaal.ee/et/keskkonnaulevaade/keskkonnaulevaade-okosusteemid,public.tableau.com,Rohemdikud-Elurikkus-detail-elurikkus-LoodusdirektiivielupaigatpideseisundEestisjaEuroopaLiidus,LoodusdirektiivielupaigatpideseisundEestisjaEuroopaLiidus,Loodusdirektiivi elupaigatüüpide seisund,Tableau Public,KAUR,inventar,
Keskkonnaülevaade: ökosüsteemid,https://keskkonnaportaal.ee/et/keskkonnaulevaade/keskkonnaulevaade-okosusteemid,public.tableau.com,Keskkonnalevaade-kossteemid-kohvedjasidusus,Hvedvssidusus,Hüved vs sidusus,Tableau Public,KAUR,inventar,
Keskkonnaülevaade: jäätmed,https://keskkonnaportaal.ee/et/keskkonnaulevaade/keskkonnaulevaade-jaatmed-ja-ringmajandus,public.tableau.com,Keskkonnalevaade-Jtmed-JtmedjaSKP,EestijtmedvsSKP,Eesti jäätmed vs SKP,Tableau Public,KAUR,inventar,
Keskkonnaülevaade: jäätmed,https://keskkonnaportaal.ee/et/keskkonnaulevaade/keskkonnaulevaade-jaatmed-ja-ringmajandus,public.tableau.com,Keskkonnalevaade-Jtmed-Ringlevamaterjalimr,Ringlevamaterjalimr_1,Ringleva materjali määr,Tableau Public,KAUR,inventar,
Keskkonnaülevaade: jäätmed,https://keskkonnaportaal.ee/et/keskkonnaulevaade/keskkonnaulevaade-jaatmed-ja-ringmajandus,public.tableau.com,Keskkonnalevaade-Jtmed-Olmejtmed,Olmejtmed_1,Olmejäätmed,Tableau Public,KAUR,inventar,
Keskkonnaülevaade: jäätmed,https://keskkonnaportaal.ee/et/keskkonnaulevaade/keskkonnaulevaade-jaatmed-ja-ringmajandus,public.tableau.com,Keskkonnalevaade-Jtmed-Kogujtmetekevaldkonniti,Jtmevaldkonnad,Jäätmete teke valdkonniti,Tableau Public,KAUR,inventar,
Keskkonnaülevaade: muld ja maahõive,https://keskkonnaportaal.ee/et/keskkonnaulevaade/keskkonnaulevaade-muld-ja-maahoive,public.tableau.com,ZB37GT9CT,(ei tuvastatud),Maahõive pindala jaotus KOV,Tableau Public,KAUR,inventar,
Keskkonnaülevaade: muld ja maahõive,https://keskkonnaportaal.ee/et/keskkonnaulevaade/keskkonnaulevaade-muld-ja-maahoive,public.tableau.com,Keskkonnalevaade-Maahive-PllumuldadePh,pHkaart4,Põllumuldade pH kaart,Tableau Public,KAUR,inventar,
Keskkonnaülevaade: muld ja maahõive,https://keskkonnaportaal.ee/et/keskkonnaulevaade/keskkonnaulevaade-muld-ja-maahoive,public.tableau.com,Keskkonnalevaade-Maahive-Mahepllumajanduseosakaal,Mahepllumajandusmaaosakaaldashboard,Mahepõllumajandusmaa osakaal,Tableau Public,KAUR,inventar,
Keskkonnaülevaade: energeetika,https://keskkonnaportaal.ee/et/keskkonnaulevaade/keskkonnaulevaade-energeetika-ja-keskkond,public.tableau.com,Keskkonnalevaade-Energeetika-Taastuvenergiaosakaal,Taastuvenergiaosakaal,Taastuvenergia osakaal,Tableau Public,KAUR,inventar,
Keskkonnaülevaade: energeetika,https://keskkonnaportaal.ee/et/keskkonnaulevaade/keskkonnaulevaade-energeetika-ja-keskkond,public.tableau.com,Keskkonnalevaade-Energeetika-Elektrienergiahulk,Elektrienergiahulk,Elektrienergia hulk,Tableau Public,KAUR,inventar,
Keskkonnaülevaade: energeetika,https://keskkonnaportaal.ee/et/keskkonnaulevaade/keskkonnaulevaade-energeetika-ja-keskkond,public.tableau.com,Rohemdikud-Energeetika-detail-energeetika-Energeetikasektorikasvuhoonegaasideheitkogused,Energeetikasektorikasvuhoonegaasideheitkogused,Energeetikasektori KHG heitkogused,Tableau Public,KAUR,inventar,
Keskkonnaülevaade: liigid,https://keskkonnaportaal.ee/et/keskkonnaulevaade/keskkonnaulevaade-liigid,public.tableau.com,Keskkonnalevaade-Liigid-Liikideseisund,Liikideseisund,Liikide seisund,Tableau Public,KAUR,inventar,
Keskkonnaülevaade: liigid,https://keskkonnaportaal.ee/et/keskkonnaulevaade/keskkonnaulevaade-liigid,public.tableau.com,Keskkonnalevaade-Liigid-Punasenimestikuliigid,Punasenimestikuliigid,Punase nimestiku liigid,Tableau Public,KAUR,inventar,
Keskkonnaülevaade: liigid,https://keskkonnaportaal.ee/et/keskkonnaulevaade/keskkonnaulevaade-liigid,public.tableau.com,Keskkonnalevaade-Liigid-Suurkiskjatearvukus,Suurkiskjatearvukus,Suurkiskjate arvukus,Tableau Public,KAUR,inventar,
Keskkonnaülevaade: liigid,https://keskkonnaportaal.ee/et/keskkonnaulevaade/keskkonnaulevaade-liigid,public.tableau.com,Keskkonnalevaade-Liigid-Lindudeindeks,Lindudeindeks_1,Lindude indeks,Tableau Public,KAUR,inventar,
Keskkonnaülevaade: vesi,https://keskkonnaportaal.ee/et/keskkonnaulevaade/keskkonnaulevaade-vesi,public.tableau.com,Keskkonnalevaade-Vesi-Pinnaveekogumitekoondseisund,G1avalik,Pinnaveekogumite koondseisund,Tableau Public,KAUR,inventar,
Keskkonnaülevaade: vesi,https://keskkonnaportaal.ee/et/keskkonnaulevaade/keskkonnaulevaade-vesi,public.tableau.com,Keskkonnalevaade-Vesi-Phjaveekogumitekoondseisund,G2avalik,Põhjaveekogumite koondseisund,Tableau Public,KAUR,inventar,
Keskkonnaülevaade: vesi,https://keskkonnaportaal.ee/et/keskkonnaulevaade/keskkonnaulevaade-vesi,public.tableau.com,Keskkonnalevaade-Vesi-Eutrofeerumine,G3avalik,Eutrofeerumine,Tableau Public,KAUR,inventar,
Keskkonnaülevaade: vesi,https://keskkonnaportaal.ee/et/keskkonnaulevaade/keskkonnaulevaade-vesi,public.tableau.com,Keskkonnalevaade-Vesi-Veekasutus,G4avalik,Veekasutus,Tableau Public,KAUR,inventar,
Keskkonnaülevaade: vesi,https://keskkonnaportaal.ee/et/keskkonnaulevaade/keskkonnaulevaade-vesi,public.tableau.com,Keskkonnalevaade-Vesi-NO3phjavees,G6avalik,Nitraat põhjavees,Tableau Public,KAUR,inventar,
Keskkonnaülevaade: vesi,https://keskkonnaportaal.ee/et/keskkonnaulevaade/keskkonnaulevaade-vesi,public.tableau.com,Keskkonnalevaade-Vesi-Reostuskoormusedmerre,ldfosfor,Reostuskoormused merre (üldfosfor),Tableau Public,KAUR,inventar,
Keskkonnaülevaade: välisõhk,https://keskkonnaportaal.ee/et/keskkonnaulevaade/keskkonnaulevaade-valisohk,public.tableau.com,Keskkonnalevaade-hk-Peamisedheiteallikad,Graafik3,Peamised heiteallikad,Tableau Public,KAUR,inventar,
Keskkonnaülevaade: välisõhk,https://keskkonnaportaal.ee/et/keskkonnaulevaade/keskkonnaulevaade-valisohk,public.tableau.com,Keskkonnalevaade-hk-Peamistesaasteaineteheitkogused,Graafik12,Peamiste saasteainete heitkogused,Tableau Public,KAUR,inventar,
Keskkonnaülevaade: välisõhk,https://keskkonnaportaal.ee/et/keskkonnaulevaade/keskkonnaulevaade-valisohk,public.tableau.com,Keskkonnalevaade-hk-husaastetervisemju,Graafik2,Õhusaaste tervisemõju,Tableau Public,KAUR,inventar,
Metsainfo hetkeseis,https://keskkonnaportaal.ee/et/teemad/mets/metsainfo-hetkeseis,tableau.envir.ee,Kultiveerimismaterjal,Kultiveerimismaterjaljoonis,Kultiveerimismaterjal joonis,Tableau Server,KAUR,inventar,
