group,page_url,host,workbook,view,title
Iseseisev,https://keskkonnaportaal.ee/et/tuuleenergeetika-voimsus-eestis,public.tableau.com,Tuuleenergeetika,Tuul,Tuuleenergeetika võimsus Eestis
Iseseisev,https://keskkonnaportaal.ee/et/natura-2000-ja-kaitstavad-alad,public.tableau.com,KaitstavatejaNaturaaladeavalikvaade,Kaitstavadalad,Kaitstavad alad / Natura 2000
Iseseisev,https://keskkonnaportaal.ee/r%C3%B5ngastusstatistika,public.tableau.com,rngastamised-avalik,Eestirngastamised,Eesti rõngastamised
Iseseisev,https://keskkonnaportaal.ee/et/liigivaatluste-levikukaardid,tableau.envir.ee,vaatlusedUTM10ruuduga,Loodusvaatlused,Liigivaatluste levikukaardid
Seire,https://keskkonnaportaal.ee/et/meteoroloogilise-seire-tulemuste-ulevaade,public.tableau.com,RKSP-meteoroloogilineseire,Meteo,Meteoroloogiline seire
Seire,https://keskkonnaportaal.ee/et/hudroloogilise-seire-tulemuste-ulevaade,public.tableau.com,RKSP-Hdroloogilineseire,Hdro,Hüdroloogiline seire
Seire,https://keskkonnaportaal.ee/et/metsaseire-tulemuste-ulevaade,public.tableau.com,RKSP-Metsaseire,Okka-jalehekadupuudel,Metsaseire
Seire,https://keskkonnaportaal.ee/et/valisohu-seire-tulemuste-ulevaade,public.tableau.com,RKSP-Vlishuseire,Vlishk,Välisõhu seire
Seire,https://keskkonnaportaal.ee/et/kiirgusseire-tulemuste-ulevaade,public.tableau.com,RKSP-Kiirgusseire,Gammakiirgus,Kiirgusseire
Seire,https://keskkonnaportaal.ee/et/kompleksseire-tulemuste-ulevaade,public.tableau.com,RKSP-Kompleksseire,Kompleksseire,Kompleksseire
Seire,https://keskkonnaportaal.ee/et/mullaseire-tulemuste-ulevaade,public.tableau.com,RKSP-Mullaseire,Raskemetallidmullas,Mullaseire
Keskkonnaülevaade: mets,https://keskkonnaportaal.ee/et/keskkonnaulevaade/keskkonnaulevaade-mets,public.tableau.com,Keskkonnalevaade-Mets-Metsamaapindala,MetsMetsamaapindala,Metsamaa pindala
Keskkonnaülevaade: mets,https://keskkonnaportaal.ee/et/keskkonnaulevaade/keskkonnaulevaade-mets,public.tableau.com,Keskkonnalevaade-Mets-Lehtpuu_Okaspuu,MetsLehtpuuokaspuu,Lehtpuu/okaspuu
Keskkonnaülevaade: mets,https://keskkonnaportaal.ee/et/keskkonnaulevaade/keskkonnaulevaade-mets,public.tableau.com,Keskkonnalevaade-Mets-raskid,MetsKuuse-kooreraskid,Kuuse-kooreüraskid
Keskkonnaülevaade: mets,https://keskkonnaportaal.ee/et/keskkonnaulevaade/keskkonnaulevaade-mets,public.tableau.com,Keskkonnalevaade-Mets-Raiemahud,MetsRaie,Raie
Keskkonnaülevaade: ilm ja kliima,https://keskkonnaportaal.ee/et/keskkonnaulevaade/keskkonnaulevaade-ilm-ja-kliima,public.tableau.com,Keskkonnalevaade-Ilmjakliima-Ilmjakliimaanomaaliad,AnomaaliaddashAvalik,Anomaaliad
Keskkonnaülevaade: ilm ja kliima,https://keskkonnaportaal.ee/et/keskkonnaulevaade/keskkonnaulevaade-ilm-ja-kliima,public.tableau.com,Keskkonnalevaade-Ilmjakliima-Keskmineaastahutemperatuur,estnormtempAvalik,Keskmine aastane temperatuur
Keskkonnaülevaade: ilm ja kliima,https://keskkonnaportaal.ee/et/keskkonnaulevaade/keskkonnaulevaade-ilm-ja-kliima,public.tableau.com,Keskkonnalevaade-Ilmjakliima-IlmjakliimaKlm_kuum,KuumKlmdashAvalik,Kuum/külm
Keskkonnaülevaade: ilm ja kliima,https://keskkonnaportaal.ee/et/keskkonnaulevaade/keskkonnaulevaade-ilm-ja-kliima,public.tableau.com,Rohemdikud-Kliimamuutused-detail-kliimamuutused-Kasvuhoonegaasideheitkogused,Kasvuhoonegaasideheitkogused,Kasvuhoonegaaside heitkogused
Keskkonnaülevaade: ilm ja kliima,https://keskkonnaportaal.ee/et/keskkonnaulevaade/keskkonnaulevaade-ilm-ja-kliima,public.tableau.com,Keskkonnalevaade-Ilmajakliima-IlmjakliimaKHG2024,IlmajakliimaKHG2024,KHG 2024
Keskkonnaülevaade: ökosüsteemid,https://keskkonnaportaal.ee/et/keskkonnaulevaade/keskkonnaulevaade-okosusteemid,public.tableau.com,Rohemdikud-Elurikkus-detail-elurikkus-LoodusdirektiivielupaigatpideseisundEestisjaEuroopaLiidus,LoodusdirektiivielupaigatpideseisundEestisjaEuroopaLiidus,Loodusdirektiivi elupaigatüüpide seisund
Keskkonnaülevaade: ökosüsteemid,https://keskkonnaportaal.ee/et/keskkonnaulevaade/keskkonnaulevaade-okosusteemid,public.tableau.com,Keskkonnalevaade-kossteemid-kohvedjasidusus,Hvedvssidusus,Hüved vs sidusus
Keskkonnaülevaade: jäätmed,https://keskkonnaportaal.ee/et/keskkonnaulevaade/keskkonnaulevaade-jaatmed-ja-ringmajandus,public.tableau.com,Keskkonnalevaade-Jtmed-JtmedjaSKP,EestijtmedvsSKP,Eesti jäätmed vs SKP
Keskkonnaülevaade: jäätmed,https://keskkonnaportaal.ee/et/keskkonnaulevaade/keskkonnaulevaade-jaatmed-ja-ringmajandus,public.tableau.com,Keskkonnalevaade-Jtmed-Ringlevamaterjalimr,Ringlevamaterjalimr_1,Ringleva materjali määr
Keskkonnaülevaade: jäätmed,https://keskkonnaportaal.ee/et/keskkonnaulevaade/keskkonnaulevaade-jaatmed-ja-ringmajandus,public.tableau.com,Keskkonnalevaade-Jtmed-Olmejtmed,Olmejtmed_1,Olmejäätmed
Keskkonnaülevaade: jäätmed,https://keskkonnaportaal.ee/et/keskkonnaulevaade/keskkonnaulevaade-jaatmed-ja-ringmajandus,public.tableau.com,Keskkonnalevaade-Jtmed-Kogujtmetekevaldkonniti,Jtmevaldkonnad,Jäätmete teke valdkonniti
Keskkonnaülevaade: muld ja maahõive,https://keskkonnaportaal.ee/et/keskkonnaulevaade/keskkonnaulevaade-muld-ja-maahoive,public.tableau.com,ZB37GT9CT,(ei tuvastatud),Maahõive pindala jaotus KOV
Keskkonnaülevaade: muld ja maahõive,https://keskkonnaportaal.ee/et/keskkonnaulevaade/keskkonnaulevaade-muld-ja-maahoive,public.tableau.com,Keskkonnalevaade-Maahive-PllumuldadePh,pHkaart4,Põllumuldade pH kaart
Keskkonnaülevaade: muld ja maahõive,https://keskkonnaportaal.ee/et/keskkonnaulevaade/keskkonnaulevaade-muld-ja-maahoive,public.tableau.com,Keskkonnalevaade-Maahive-Mahepllumajanduseosakaal,Mahepllumajandusmaaosakaaldashboard,Mahepõllumajandusmaa osakaal
Keskkonnaülevaade: energeetika,https://keskkonnaportaal.ee/et/keskkonnaulevaade/keskkonnaulevaade-energeetika-ja-keskkond,public.tableau.com,Keskkonnalevaade-Energeetika-Taastuvenergiaosakaal,Taastuvenergiaosakaal,Taastuvenergia osakaal
Keskkonnaülevaade: energeetika,https://keskkonnaportaal.ee/et/keskkonnaulevaade/keskkonnaulevaade-energeetika-ja-keskkond,public.tableau.com,Keskkonnalevaade-Energeetika-Elektrienergiahulk,Elektrienergiahulk,Elektrienergia hulk
Keskkonnaülevaade: energeetika,https://keskkonnaportaal.ee/et/keskkonnaulevaade/keskkonnaulevaade-energeetika-ja-keskkond,public.tableau.com,Rohemdikud-Energeetika-detail-energeetika-Energeetikasektorikasvuhoonegaasideheitkogused,Energeetikasektorikasvuhoonegaasideheitkogused,Energeetikasektori KHG heitkogused
Keskkonnaülevaade: liigid,https://keskkonnaportaal.ee/et/keskkonnaulevaade/keskkonnaulevaade-liigid,public.tableau.com,Keskkonnalevaade-Liigid-Liikideseisund,Liikideseisund,Liikide seisund
Keskkonnaülevaade: liigid,https://keskkonnaportaal.ee/et/keskkonnaulevaade/keskkonnaulevaade-liigid,public.tableau.com,Keskkonnalevaade-Liigid-Punasenimestikuliigid,Punasenimestikuliigid,Punase nimestiku liigid
Keskkonnaülevaade: liigid,https://keskkonnaportaal.ee/et/keskkonnaulevaade/keskkonnaulevaade-liigid,public.tableau.com,Keskkonnalevaade-Liigid-Suurkiskjatearvukus,Suurkiskjatearvukus,Suurkiskjate arvukus
Keskkonnaülevaade: liigid,https://keskkonnaportaal.ee/et/keskkonnaulevaade/keskkonnaulevaade-liigid,public.tableau.com,Keskkonnalevaade-Liigid-Lindudeindeks,Lindudeindeks_1,Lindude indeks
Keskkonnaülevaade: vesi,https://keskkonnaportaal.ee/et/keskkonnaulevaade/keskkonnaulevaade-vesi,public.tableau.com,Keskkonnalevaade-Vesi-Pinnaveekogumitekoondseisund,G1avalik,Pinnaveekogumite koondseisund
Keskkonnaülevaade: vesi,https://keskkonnaportaal.ee/et/keskkonnaulevaade/keskkonnaulevaade-vesi,public.tableau.com,Keskkonnalevaade-Vesi-Phjaveekogumitekoondseisund,G2avalik,Põhjaveekogumite koondseisund
Keskkonnaülevaade: vesi,https://keskkonnaportaal.ee/et/keskkonnaulevaade/keskkonnaulevaade-vesi,public.tableau.com,Keskkonnalevaade-Vesi-Eutrofeerumine,G3avalik,Eutrofeerumine
Keskkonnaülevaade: vesi,https://keskkonnaportaal.ee/et/keskkonnaulevaade/keskkonnaulevaade-vesi,public.tableau.com,Keskkonnalevaade-Vesi-Veekasutus,G4avalik,Veekasutus
Keskkonnaülevaade: vesi,https://keskkonnaportaal.ee/et/keskkonnaulevaade/keskkonnaulevaade-vesi,public.tableau.com,Keskkonnalevaade-Vesi-NO3phjavees,G6avalik,Nitraat põhjavees
Keskkonnaülevaade: vesi,https://keskkonnaportaal.ee/et/keskkonnaulevaade/keskkonnaulevaade-vesi,public.tableau.com,Keskkonnalevaade-Vesi-Reostuskoormusedmerre,ldfosfor,Reostuskoormused merre (üldfosfor)
Keskkonnaülevaade: välisõhk,https://keskkonnaportaal.ee/et/keskkonnaulevaade/keskkonnaulevaade-valisohk,public.tableau.com,Keskkonnalevaade-hk-Peamisedheiteallikad,Graafik3,Peamised heiteallikad
Keskkonnaülevaade: välisõhk,https://keskkonnaportaal.ee/et/keskkonnaulevaade/keskkonnaulevaade-valisohk,public.tableau.com,Keskkonnalevaade-hk-Peamistesaasteaineteheitkogused,Graafik12,Peamiste saasteainete heitkogused
Keskkonnaülevaade: välisõhk,https://keskkonnaportaal.ee/et/keskkonnaulevaade/keskkonnaulevaade-valisohk,public.tableau.com,Keskkonnalevaade-hk-husaastetervisemju,Graafik2,Õhusaaste tervisemõju
Metsainfo hetkeseis,https://keskkonnaportaal.ee/et/teemad/mets/metsainfo-hetkeseis,tableau.envir.ee,Kultiveerimismaterjal,Kultiveerimismaterjaljoonis,Kultiveerimismaterjal joonis
